Main_Weather_ID,station_name,MONTH,DBTempAvg,Relative  Humidity,Wind,South_Vert_Solar,East_Vert_Solar,West_Vert_Solar,North_Vert_Solar,HorizSol,bin data
1,ALYESKA AK US,1,22,82.64112903,6.001083,42,245,75,71,93,
1,ALYESKA AK US,2,23.9,77.43452381,6.06924,95,340,147,147,190,
1,ALYESKA AK US,3,27.9,73.22715054,6.586587,216,986,473,542,610,
1,ALYESKA AK US,4,36,75.30277778,6.633873,341,905,663,640,957,"51,15,2.704 53,5,2.120 55,2,1.170 61,1,1.621"
1,ALYESKA AK US,5,45.3,68.24731183,7.532658,476,909,772,771,1244,"51,89,1.586 53,25,2.296 55,16,2.821 57,8,3.231 59,1,3.210 61,5,3.979 63,2,4.232 65,6,3.678 67,6,3.852 69,1,3.774"
1,ALYESKA AK US,6,53,72.53472222,7.468497,622,1097,1044,1089,1716,"51,122,0.471 53,124,0.911 55,81,0.955 57,50,1.234 59,27,2.139 61,16,2.296 63,22,3.415 65,18,3.345 67,13,2.930 69,15,3.254 71,4,2.363 73,6,3.724"
1,ALYESKA AK US,7,56.9,83.61962366,6.69024,518,734,733,687,1134,"51,192,0.231 53,177,0.575 55,146,1.042 57,78,1.479 59,39,2.362 61,30,3.009 63,15,3.125 65,5,3.495 67,8,4.720 69,2,4.608 71,2,4.954 73,2,5.140"
1,ALYESKA AK US,8,55,72.74731183,6.212169,383,915,658,783,1070,"51,128,0.171 53,109,0.373 55,96,0.655 57,90,1.236 59,37,1.423 61,67,2.001 63,41,2.263 65,29,1.997 67,19,2.590 69,26,2.583 71,7,3.229 73,5,2.995 75,1,3.503"
1,ALYESKA AK US,9,47.5,71.58611111,6.344874,252,596,414,455,602,"51,130,0.974 53,69,1.314 55,37,2.245 57,37,2.814 59,20,3.425 61,13,4.427 63,5,3.947"
1,ALYESKA AK US,10,36.3,73.41397849,6.106086,128,496,241,235,331,"51,5,0.902 53,3,0.991 55,1,1.054 59,1,1.130"
1,ALYESKA AK US,11,26.1,71.78194444,6.004746,59,440,135,127,145,
1,ALYESKA AK US,12,24.2,85.00134409,5.69709,26,143,42,40,55,
2,ANCHORAGE TED STEVENS INTERNATIONAL AIRPORT AK US,1,17.1,75.78494624,6.66787,243.4390172,72.79012671,70.25574085,40.92269578,90.81691716,
2,ANCHORAGE TED STEVENS INTERNATIONAL AIRPORT AK US,2,20.2,77.02678571,6.7436,836.8733762,284.6964148,299.806488,116.5716755,340.2731587,
2,ANCHORAGE TED STEVENS INTERNATIONAL AIRPORT AK US,3,26.6,60.80107527,7.31843,986.2269331,503.6098196,532.1987656,230.2338632,705.3617899,
2,ANCHORAGE TED STEVENS INTERNATIONAL AIRPORT AK US,4,36.8,64.65555556,7.37097,1120.400031,789.0461564,747.6761488,354.9498781,1118.684836,"51,10,1.586 53,1,2.708 55,1,3.969"
2,ANCHORAGE TED STEVENS INTERNATIONAL AIRPORT AK US,5,47.8,61.62903226,8.36962,1027.195038,929.6110702,893.7786456,519.2055256,1421.677782,"51,171,1.226 53,81,1.977 55,43,2.203 57,32,2.414 59,10,2.483 61,11,3.011 63,7,3.975"
2,ANCHORAGE TED STEVENS INTERNATIONAL AIRPORT AK US,6,55.2,64.15138889,8.29833,1125.333625,1067.450513,1109.275043,633.8213447,1746.691704,"51,134,0.256 53,82,0.541 55,123,0.594 57,96,1.022 59,42,1.254 61,57,1.754 63,41,2.088 65,33,2.233 67,21,2.241 69,27,2.716 71,7,2.908 73,3,3.244 75,2,1.909"
2,ANCHORAGE TED STEVENS INTERNATIONAL AIRPORT AK US,7,58.8,70.94086022,7.4336,1029.144373,878.9122394,934.2911693,553.6591868,1473.45856,"51,61,0.150 53,78,0.186 55,113,0.210 57,130,0.595 59,57,0.699 61,92,1.137 63,77,1.754 65,53,2.336 67,44,2.702 69,29,2.790 71,2,3.048 73,2,3.553 75,1,2.707"
2,ANCHORAGE TED STEVENS INTERNATIONAL AIRPORT AK US,8,56.7,72.31317204,6.90241,951.2188029,740.7074854,837.1300468,424.3426067,1162.644382,"51,87,0.155 53,97,0.421 55,118,0.443 57,111,0.612 59,90,1.368 61,74,1.857 63,54,2.242 65,29,2.398 67,28,3.222 69,6,3.398 71,1,0.692"
2,ANCHORAGE TED STEVENS INTERNATIONAL AIRPORT AK US,9,48.6,73.33611111,7.04986,839.2241613,417.2547559,540.1833002,233.9590268,695.0517971,"51,131,0.504 53,98,0.866 55,99,1.194 57,68,1.332 59,21,1.185 61,34,3.490 63,13,5.741 65,7,4.264 67,3,3.789"
2,ANCHORAGE TED STEVENS INTERNATIONAL AIRPORT AK US,10,34.8,75.91263441,6.78454,499.6814365,244.9000928,238.3422347,130.4676571,335.8155957,"51,3,6.688"
2,ANCHORAGE TED STEVENS INTERNATIONAL AIRPORT AK US,11,22.2,79.975,6.67194,437.8544423,134.006725,125.7970555,58.24277267,142.5777839,
2,ANCHORAGE TED STEVENS INTERNATIONAL AIRPORT AK US,12,19,85.5577957,6.3301,142.0209997,40.53792615,38.6346844,25.17015942,53.27695742,
3,ANNETTE WEATHER SERVICE OFFICE AIRPORT AK US,1,37,82.32258065,9.51875,381.566392,146.3526089,134.1148744,74.86253386,183.8926868,
3,ANNETTE WEATHER SERVICE OFFICE AIRPORT AK US,2,37.7,76.59821429,9.20089,608.0417887,278.7272925,293.8512766,145.5071836,385.9403764,"51,14,0.778"
3,ANNETTE WEATHER SERVICE OFFICE AIRPORT AK US,3,39.7,72.5094086,9.43272,783.8809158,470.7213954,475.7297607,242.1822385,689.0646059,"51,4,5.171"
3,ANNETTE WEATHER SERVICE OFFICE AIRPORT AK US,4,44.2,77.46944444,8.96041,913.5950519,710.0090019,802.1783161,370.0717831,1136.249119,"51,59,1.960 53,26,2.614 55,11,3.659 57,10,4.132 59,4,3.515 61,4,4.660"
3,ANNETTE WEATHER SERVICE OFFICE AIRPORT AK US,5,50.2,76.38709677,8.10927,882.8230828,797.0767329,853.0375754,491.6578532,1360.513217,"51,163,1.454 53,51,1.818 55,22,1.773 57,37,1.930 59,16,2.733 61,14,2.413 63,15,2.641 65,8,2.350 67,1,5.476 69,2,5.021"
3,ANNETTE WEATHER SERVICE OFFICE AIRPORT AK US,6,55.1,80.86388889,7.74062,916.2556562,890.3124207,1053.498444,613.7654296,1616.017415,"51,207,0.554 53,139,0.980 55,92,1.760 57,37,2.162 59,20,2.256 61,13,3.115 63,12,3.693 65,11,4.088 67,1,4.060"
3,ANNETTE WEATHER SERVICE OFFICE AIRPORT AK US,7,58.6,78.84811828,7.06895,829.1216218,816.1941182,975.7893232,575.4201658,1424.780963,"51,49,0.283 53,122,0.213 55,162,0.564 57,162,0.820 59,44,0.906 61,60,1.641 63,46,1.695 65,26,2.648 67,25,2.778 69,23,3.030 71,8,3.115 73,8,3.692"
3,ANNETTE WEATHER SERVICE OFFICE AIRPORT AK US,8,58.9,81.01209677,7.14495,981.9151695,806.2406669,900.4133725,437.600191,1329.456756,"51,106,0.253 53,176,0.221 55,135,0.439 57,60,0.880 59,47,1.142 61,63,1.602 63,48,2.505 65,31,2.072 67,16,1.992 69,20,2.732 71,17,3.089 73,9,3.188 75,7,3.920 77,2,2.975 81,2,4.549 83,4,3.213 85,1,4.023"
3,ANNETTE WEATHER SERVICE OFFICE AIRPORT AK US,9,53.8,86.96527778,7.53687,709.728819,465.4992639,483.3839878,276.9987352,747.7909134,"51,136,0.432 53,137,0.686 55,168,1.218 57,108,1.342 59,45,2.171 61,19,2.746 63,7,4.551 65,2,3.928"
3,ANNETTE WEATHER SERVICE OFFICE AIRPORT AK US,10,46.7,86.71908602,8.95846,502.4935482,282.0152655,275.3432098,171.1750935,416.9995218,"51,125,1.877 53,91,1.161 55,11,3.675"
3,ANNETTE WEATHER SERVICE OFFICE AIRPORT AK US,11,40,85.25694444,9.48604,356.6139655,144.2717154,151.3385769,89.04653268,209.8004835,"51,35,1.907"
3,ANNETTE WEATHER SERVICE OFFICE AIRPORT AK US,12,37.1,81.9811828,9.40967,304.4180723,96.23929137,107.7540861,54.29204898,128.9129193,
4,AUKE BAY AK US,1,28.5,84.10887097,7.2301,66,388,122,127,124,
4,AUKE BAY AK US,2,30.7,74.59821429,7.30818,166,715,339,310,337,
4,AUKE BAY AK US,3,34.6,73.34005376,7.86689,258,747,446,446,581,
4,AUKE BAY AK US,4,41.9,79.38888889,7.83125,471,1099,829,850,1112,"51,46,1.946 53,14,2.344 55,18,3.172 57,11,2.168 59,2,4.856 61,16,3.751 63,8,3.727 65,2,2.897"
4,AUKE BAY AK US,5,49.8,73.25134409,7.46868,678,1222,1126,1115,1562,"51,129,0.693 53,62,1.037 55,48,1.287 57,50,1.702 59,14,2.053 61,46,2.211 63,34,2.602 65,14,2.068 67,15,2.685 69,12,2.853 71,5,2.963 73,1,2.867"
4,AUKE BAY AK US,6,55.9,79.30277778,7.04763,556,871,840,880,1437,"51,146,0.371 53,101,0.678 55,67,0.748 57,57,1.310 59,34,1.338 61,37,1.900 63,32,1.858 65,19,2.723 67,20,2.753 69,30,3.248 71,6,3.358 73,2,4.678 75,4,3.470 77,1,4.831 79,4,4.051"
4,AUKE BAY AK US,7,58,86.20430108,6.79368,509,728,648,734,1119,"51,123,0.183 53,159,0.268 55,133,0.640 57,115,1.016 59,37,1.166 61,38,1.449 63,51,1.799 65,25,2.549 67,12,4.049 69,21,4.961 71,4,5.765 73,4,4.498 75,3,5.544 77,2,5.102"
4,AUKE BAY AK US,8,56.9,84.1155914,6.92365,450,1021,936,860,1251,"51,156,0.307 53,132,0.557 55,96,0.725 57,61,1.257 59,40,1.325 61,47,1.689 63,35,2.731 65,10,3.468 67,8,3.610 69,17,3.263 71,11,4.327 73,11,3.492 75,6,3.509"
4,AUKE BAY AK US,9,50.9,90.33055556,7.81125,278,708,443,564,653,"51,248,0.573 53,94,1.211 55,34,2.812 57,21,5.551 59,9,7.020 61,11,6.139 63,4,2.696"
4,AUKE BAY AK US,10,42.9,88.48387097,8.53857,127,699,330,315,395,"51,74,2.219 53,8,3.457 55,3,9.061"
4,AUKE BAY AK US,11,33.7,69.61527778,7.60361,109,389,176,168,177,
4,AUKE BAY AK US,12,30.1,88.55510753,7.76303,52,238,83,82,85,
5,BARROW W POST W ROGERS AIRPORT AK US,1,-13.4,77.86962366,12.4276,10.49965712,0.748391969,0.780774586,0.122748388,0.443161108,
5,BARROW W POST W ROGERS AIRPORT AK US,2,-14.2,75.60714286,12.6151,357.6113519,85.12212813,93.87817706,34.25901542,82.44668685,
5,BARROW W POST W ROGERS AIRPORT AK US,3,-12.7,79.76478495,11.7397,1169.340574,479.8928897,503.5190588,157.5415662,494.7702582,
5,BARROW W POST W ROGERS AIRPORT AK US,4,1.8,78.80694444,11.905,1316.726499,882.7664565,917.2561801,397.7658976,1099.562915,
5,BARROW W POST W ROGERS AIRPORT AK US,5,21.1,88,12.459,1163.698735,987.1263764,1028.347901,670.5770652,1460.000554,
5,BARROW W POST W ROGERS AIRPORT AK US,6,35.6,89.34861111,12.0491,975.0255864,949.5448872,949.813125,750.7103052,1432.931975,"51,5,1.286 53,1,0.881"
5,BARROW W POST W ROGERS AIRPORT AK US,7,40.9,89.44623656,12.1786,1061.800811,957.1670588,971.6539403,679.3514194,1382.936323,"51,25,1.112 53,7,1.707 55,9,1.929 57,2,2.534"
5,BARROW W POST W ROGERS AIRPORT AK US,8,39,85.73790323,12.5145,768.6409575,608.9584694,596.1373763,383.5974162,876.5451998,"51,33,2.497 53,29,2.862 55,29,3.699 57,13,3.343 59,4,4.552 61,3,3.065"
5,BARROW W POST W ROGERS AIRPORT AK US,9,32.1,85.6,13.178,384.8752123,254.4738493,270.2589585,179.8919142,395.6642606,
5,BARROW W POST W ROGERS AIRPORT AK US,10,17.2,96.97043011,13.7411,275.4364089,107.547644,122.1713282,71.30696098,156.9633391,
5,BARROW W POST W ROGERS AIRPORT AK US,11,0.7,83.78472222,13.1793,44.60088179,7.820120307,8.175742211,3.814398735,8.302075813,
5,BARROW W POST W ROGERS AIRPORT AK US,12,-7.8,78.58467742,12.7982,0,0,0,0,0,
6,BETHEL AIRPORT AK US,1,6.6,83.45564516,14.3376,341.7424183,89.90026482,100.6898045,44.9960704,106.7101853,
6,BETHEL AIRPORT AK US,2,11.1,76.97172619,13.8867,1076.119931,391.7524344,362.8253938,115.527529,390.575303,
6,BETHEL AIRPORT AK US,3,15.2,84.9905914,13.4803,1226.440822,621.5877589,682.7036357,257.2411287,827.8796235,
6,BETHEL AIRPORT AK US,4,26.9,79.05,12.0413,1268.858605,891.0141634,892.8601504,379.5693889,1262.705769,"51,3,2.863 53,2,3.076"
6,BETHEL AIRPORT AK US,5,41.9,72.99193548,10.9346,1000.300193,888.6626223,916.7250723,533.7640405,1407.283513,"51,57,2.027 53,31,2.105 55,23,2.555 57,12,3.355 59,4,4.643 61,3,3.739 63,3,3.513 65,2,4.010"
6,BETHEL AIRPORT AK US,6,52.5,77.10972222,10.0245,892.8427619,831.0823735,1044.180205,622.0906669,1455.735513,"51,128,0.637 53,52,1.154 55,38,1.491 57,45,1.722 59,26,1.937 61,32,2.056 63,34,2.309 65,21,2.611 67,19,2.151 69,10,2.292 71,2,4.893 73,2,3.031 75,3,3.152 77,2,3.145"
6,BETHEL AIRPORT AK US,7,56.1,77.89784946,9.93481,886.1201848,807.9261497,928.4508737,580.6871296,1378.446138,"51,97,0.374 53,112,0.573 55,112,0.741 57,74,1.018 59,61,1.371 61,51,1.388 63,48,1.873 65,22,2.190 67,17,3.058 69,24,2.762 71,12,3.414 73,4,3.771"
6,BETHEL AIRPORT AK US,8,53.5,88.44354839,10.5388,717.6594489,607.9608562,602.1752969,406.4937184,970.4027184,"51,133,0.679 53,118,0.865 55,83,1.354 57,59,1.406 59,52,1.435 61,24,2.425 63,13,2.262 65,11,1.794 67,9,3.273 69,8,3.835 71,2,4.342 73,2,5.355 75,2,3.963"
6,BETHEL AIRPORT AK US,9,45.6,80.92638889,10.865,769.1258722,466.8711853,489.2771673,241.8137896,671.5940705,"51,111,1.206 53,44,2.666 55,18,3.042 57,10,2.426 59,3,2.821"
6,BETHEL AIRPORT AK US,10,30.3,85.88172043,11.6314,600.5003606,293.2953333,261.8289927,137.4529246,357.1379288,"51,4,4.833"
6,BETHEL AIRPORT AK US,11,17.4,79.88888889,12.4536,492.8600847,141.8047953,150.840205,62.69245888,159.8918126,
6,BETHEL AIRPORT AK US,12,10.4,85.10887097,12.9025,324.4850821,70.15192913,70.95053284,28.39179356,67.86041168,
7,BETTLES AIRPORT AK US,1,-10,66.88037634,5.14784,150.3606487,38.59348574,13.79123423,8.005713299,19.01263801,
7,BETTLES AIRPORT AK US,2,-5,62.81547619,5.39508,746.0722411,240.0441233,256.8207408,105.2642491,194.2463778,
7,BETTLES AIRPORT AK US,3,4.4,68.0766129,6.20376,1225.545083,776.8865476,454.6249738,194.209635,646.8513276,
7,BETTLES AIRPORT AK US,4,23.3,55.02083333,6.73333,1695.146805,1230.726729,1218.537106,586.3645773,1294.664773,"51,37,1.660 53,6,1.802 55,2,3.505 57,3,2.818"
7,BETTLES AIRPORT AK US,5,44.4,57.61155914,6.71034,1371.67835,1410.059034,1047.808597,661.755157,1639.206375,"51,94,1.291 53,48,1.352 55,33,1.331 57,31,1.288 59,20,1.300 61,25,1.451 63,14,2.103 65,8,1.965 67,1,2.550 69,5,1.018 71,1,1.699 73,2,1.465 75,2,2.198"
7,BETTLES AIRPORT AK US,6,58.5,59.79861111,6.185,1255.875911,1415.617785,1113.668608,840.0610813,1779.848101,"51,83,0.480 53,62,0.457 55,57,0.489 57,58,0.831 59,36,1.025 61,53,1.307 63,36,1.635 65,32,1.629 67,38,1.954 69,30,1.770 71,22,2.157 73,30,2.474 75,13,2.313 77,2,2.550"
7,BETTLES AIRPORT AK US,7,59.7,65.11021505,5.90483,1242.984999,1200.985223,1159.114197,728.1499806,1643.092648,"51,51,0.287 53,67,0.390 55,64,0.708 57,60,0.535 59,43,0.642 61,63,0.867 63,53,0.981 65,57,1.443 67,39,1.378 69,101,1.577 71,25,1.859 73,28,1.756 75,15,1.845 77,6,2.198 79,8,2.699 81,3,2.305 83,2,3.234 85,3,2.865"
7,BETTLES AIRPORT AK US,8,52.5,78.13575269,5.56008,1070.192163,952.446966,719.0930241,429.7619095,1106.463914,"51,101,0.575 53,81,0.813 55,62,0.624 57,69,1.101 59,23,1.282 61,49,1.888 63,41,1.698 65,52,1.780 67,31,2.179 69,12,2.477"
7,BETTLES AIRPORT AK US,9,40.6,77.21666667,5.78361,873.6677674,653.8746516,426.7334611,211.7677559,619.6858638,"51,36,2.949 53,16,2.974 55,3,3.599"
7,BETTLES AIRPORT AK US,10,18.9,85.31048387,5.81491,514.9391613,285.5599469,161.0835353,102.3381854,258.9103192,
7,BETTLES AIRPORT AK US,11,-1,81.20555556,5.15555,238.4691336,77.68818792,35.52322205,21.47187023,49.85899533,
7,BETTLES AIRPORT AK US,12,-5.7,69.09274194,4.95604,6.662090345,0.910498784,0.358886915,0.342672571,0.759665089,
8,BIG DELTA AIRPORT AK US,1,-1,66.6061828,12.2767,328.0275899,101.9628566,41.09414815,22.64292981,55.68038552,
8,BIG DELTA AIRPORT AK US,2,4.9,60.6577381,10.8315,775.1729407,357.8635619,167.7891775,84.07758466,248.6091152,
8,BIG DELTA AIRPORT AK US,3,14.1,54.86424731,9.44226,1348.472153,718.3075894,740.1682882,318.8344733,703.42886,
8,BIG DELTA AIRPORT AK US,4,32.2,54.29027778,8.29,1508.629463,1246.385601,824.2787505,398.9462421,1326.749127,"51,23,0.991"
8,BIG DELTA AIRPORT AK US,5,47.6,58.54704301,7.95362,799.3730086,752.2432977,716.4802006,511.0485417,1154.416634,"51,79,0.705 53,75,1.108 55,63,1.203 57,41,1.314 59,21,1.298 61,40,2.251 63,39,1.894 65,38,1.969 67,12,1.881 69,19,2.525"
8,BIG DELTA AIRPORT AK US,6,57.6,54.65694444,7.12291,1032.835516,1114.762804,1134.535134,781.9441302,1613.629283,"51,50,0.249 53,37,0.331 55,27,0.601 57,34,0.466 59,18,0.285 61,45,0.810 63,60,0.559 65,59,0.721 67,55,0.971 69,70,0.913 71,44,1.639 73,54,1.504 75,30,1.723 77,15,1.803 79,19,2.034 81,28,2.456 83,9,2.056 85,14,2.723 87,8,2.410"
8,BIG DELTA AIRPORT AK US,7,60.2,56.64247312,6.23279,1324.307014,1523.454968,1042.990675,729.2562724,1795.547118,"51,81,0.354 53,65,0.374 55,51,0.717 57,55,0.908 59,38,0.861 61,45,0.909 63,39,1.406 65,35,1.594 67,30,1.389 69,55,1.501 71,36,1.382 73,32,1.669 75,25,2.113 77,18,1.993 79,11,2.346 81,10,2.352 83,19,1.051 85,10,1.727 87,4,0.463"
8,BIG DELTA AIRPORT AK US,8,54.8,60.1438172,6.51706,1124.773108,1011.098805,783.9448756,438.1180305,1217.802401,"51,88,0.767 53,42,0.846 55,45,0.918 57,57,1.098 59,26,0.764 61,82,1.421 63,48,1.556 65,32,1.804 67,18,1.764 69,14,2.913 71,11,3.240 73,3,2.808"
8,BIG DELTA AIRPORT AK US,9,43.9,68.54583333,7.9268,882.4703969,692.3545256,456.8743759,252.8471474,724.8475108,"51,40,1.431 53,61,0.919 55,33,1.376 57,25,2.026 59,27,2.895 61,12,3.788 63,13,4.547 65,13,4.691 67,2,5.218"
8,BIG DELTA AIRPORT AK US,10,24.1,75.6733871,8.39744,678.2430107,357.7197281,212.2042471,120.1628525,326.3762416,"51,4,2.656 53,2,6.778"
8,BIG DELTA AIRPORT AK US,11,6.2,74.54166667,10.2681,398.9894867,143.646936,69.15654147,40.86952358,101.8821037,
8,BIG DELTA AIRPORT AK US,12,2.1,64.63844086,11.8141,178.2090397,43.97055041,16.41585998,10.21545421,23.37712962,
9,BIG RIVER LAKES AK US,1,19.9,71.09811828,2.41102644,45,253,81,77,102,
9,BIG RIVER LAKES AK US,2,23.2,74.53125,7.857924011,109,925,451,224,333,"51,3,5.699"
9,BIG RIVER LAKES AK US,3,28.1,81.92473118,5.855736493,229,985,503,531,704,"51,2,1.929"
9,BIG RIVER LAKES AK US,4,37.5,87.05138889,5.429244286,347,1101,773,734,1098,"51,15,1.420"
9,BIG RIVER LAKES AK US,5,48,63.08333333,9.421012902,428,858,788,730,1291,"51,73,1.393 53,52,1.491 55,44,1.935 57,23,1.873 59,16,2.224 61,15,2.505 63,10,2.140 65,8,2.455 67,4,2.512 69,3,3.883 71,1,3.250"
9,BIG RIVER LAKES AK US,6,56.2,79.28055556,5.516857842,541,957,969,975,1629,"51,94,0.684 53,77,0.756 55,59,1.016 57,57,0.955 59,46,1.225 61,46,1.322 63,37,1.482 65,31,1.573 67,16,2.217 69,19,2.759 71,11,2.372 73,9,2.486 75,1,3.233 77,2,1.266 79,1,0.137 83,1,0.004 85,1,0.000 87,1,0.000 91,1,0.000 93,1,0.000 97,1,0.004 99,1,0.179"
9,BIG RIVER LAKES AK US,7,59.4,80.87768817,4.94231857,487,801,834,769,1323,"51,95,0.380 53,105,0.390 55,116,0.720 57,79,1.004 59,67,1.061 61,66,1.294 63,41,1.684 65,41,2.376 67,22,2.262 69,28,2.862 71,5,3.341 73,4,3.415 75,3,3.325"
9,BIG RIVER LAKES AK US,8,57.9,80.36962366,7.144383372,357,1050,840,848,1267,"51,103,0.493 53,63,0.753 55,65,0.683 57,86,1.005 59,65,0.830 61,63,1.138 63,56,1.588 65,43,1.882 67,31,2.283 69,21,2.906 71,11,3.119 73,6,3.365 75,1,3.282"
9,BIG RIVER LAKES AK US,9,50.3,67.38055556,6.21341668,256,906,650,478,754,"51,49,0.891 53,27,1.653 55,33,1.430 57,15,1.749 59,15,3.565 61,13,2.435 63,13,4.244 65,6,3.881 67,7,4.499 69,13,4.213 71,5,3.494"
9,BIG RIVER LAKES AK US,10,37.9,61.68951613,10.53527453,138,518,261,251,356,"51,14,2.092 53,12,2.561 55,9,1.674 57,5,5.881"
9,BIG RIVER LAKES AK US,11,26,60.25833333,5.891234916,56,507,208,100,149,"51,13,0.894 53,4,0.000 57,2,0.000 59,1,0.000 61,1,0.000 63,1,0.000 67,1,0.000 69,1,0.016"
9,BIG RIVER LAKES AK US,12,22,73.4516129,5.559281565,28,149,46,44,60,
10,CANNERY CREEK AK US,1,24.7,82.64112903,7.200908246,38,300,105,59,88,
10,CANNERY CREEK AK US,2,26.2,77.43452381,6.521417831,97,343,149,149,193,
10,CANNERY CREEK AK US,3,30.2,73.22715054,5.539137062,230,985,503,531,704,
10,CANNERY CREEK AK US,4,36.4,75.30277778,4.353337393,334,888,649,628,938,"51,15,2.704 53,5,2.120 55,2,1.170 61,1,1.621"
10,CANNERY CREEK AK US,5,44,68.24731183,5.908352733,473,903,766,766,1237,"51,89,1.586 53,25,2.296 55,16,2.821 57,8,3.231 59,1,3.210 61,5,3.979 63,2,4.232 65,6,3.678 67,6,3.852 69,1,3.774"
10,CANNERY CREEK AK US,6,51.7,72.53472222,6.069258205,563,821,739,873,1327,"51,122,0.471 53,124,0.911 55,81,0.955 57,50,1.234 59,27,2.139 61,16,2.296 63,22,3.415 65,18,3.345 67,13,2.930 69,15,3.254 71,4,2.363 73,6,3.724"
10,CANNERY CREEK AK US,7,55,83.61962366,5.742987408,513,722,722,678,1121,"51,192,0.231 53,177,0.575 55,146,1.042 57,78,1.479 59,39,2.362 61,30,3.009 63,15,3.125 65,5,3.495 67,8,4.720 69,2,4.608 71,2,4.954 73,2,5.140"
10,CANNERY CREEK AK US,8,53.8,72.74731183,4.412247537,374,895,641,768,1048,"51,128,0.171 53,109,0.373 55,96,0.655 57,90,1.236 59,37,1.423 61,67,2.001 63,41,2.263 65,29,1.997 67,19,2.590 69,26,2.583 71,7,3.229 73,5,2.995 75,1,3.503"
10,CANNERY CREEK AK US,9,47.5,71.58611111,3.789441634,240,568,390,435,571,"51,130,0.974 53,69,1.314 55,37,2.245 57,37,2.814 59,20,3.425 61,13,4.427 63,5,3.947"
10,CANNERY CREEK AK US,10,38.3,73.41397849,5.548156988,168,477,276,241,315,"51,5,0.902 53,3,0.991 55,1,1.054 59,1,1.130"
10,CANNERY CREEK AK US,11,28.9,71.78194444,13.7022009,80,670,197,206,164,
10,CANNERY CREEK AK US,12,26.6,85.00134409,5.34340465,28,198,53,54,51,
11,COLD BAY AIRPORT AK US,1,28.2,84.11021505,16.9534,337.9137927,214.1233418,74.14576043,63.53496877,153.2818266,
11,COLD BAY AIRPORT AK US,2,29,84.48214286,17.3043,535.8682857,457.0199864,155.3376012,129.3646161,330.497638,
11,COLD BAY AIRPORT AK US,3,30.1,79.93548387,17.2397,703.2863492,733.3273175,298.8164917,227.9772222,633.6968652,
11,COLD BAY AIRPORT AK US,4,34,78.40694444,16.7158,711.8995188,966.2872946,446.4951312,399.9699382,941.3807211,
11,COLD BAY AIRPORT AK US,5,40.3,79.78225806,15.8977,627.4765913,886.5782605,520.1649217,515.7709404,1056.726823,
11,COLD BAY AIRPORT AK US,6,46.3,87.7875,15.2301,614.3471155,792.3428804,548.9561801,547.3295917,1116.807701,"51,58,2.295 53,11,3.258 55,3,3.350 57,7,4.826 59,4,6.520 61,1,8.370 63,2,7.789"
11,COLD BAY AIRPORT AK US,7,50.9,84.36693548,14.976,667.5094169,892.3604177,559.7450772,556.9152366,1162.048861,"51,181,0.940 53,99,1.665 55,45,2.308 57,28,2.747 59,9,3.791 61,8,2.962 63,5,3.806"
11,COLD BAY AIRPORT AK US,8,52.1,86.70430108,15.4481,580.6032108,802.7494176,438.9106474,429.0324207,903.3494725,"51,310,0.864 53,111,2.061 55,35,2.233 57,12,2.785 59,2,4.246 61,4,3.606 63,1,3.985"
11,COLD BAY AIRPORT AK US,9,48.1,87.99722222,15.8948,606.7126206,740.3867039,309.8729083,261.0560892,654.736974,"51,186,1.097 53,63,1.139 55,18,1.522 57,6,2.087 59,2,0.930 61,3,2.313"
11,COLD BAY AIRPORT AK US,10,40.4,81.74731183,16.3123,509.248521,485.3605025,169.6386422,144.0858938,370.3964581,"51,9,2.929"
11,COLD BAY AIRPORT AK US,11,34.5,84.875,17.3893,442.1779998,319.1419488,96.14977798,84.23081209,208.6210841,"51,5,1.926 53,1,0.145 55,2,1.196"
11,COLD BAY AIRPORT AK US,12,31.1,90.01075269,17.3018,299.202367,160.0751866,56.35053581,48.90900227,116.6175474,
12,COLLEGE 5 NW AK US,1,1,83.00268817,2.71397,19,205,66,29,44,
12,COLLEGE 5 NW AK US,2,6.3,76.00744048,3.28616,82,682,299,161,230,
12,COLLEGE 5 NW AK US,3,15.5,59.37096774,5.05087,221,1200,781,459,707,
12,COLLEGE 5 NW AK US,4,32.8,48.95555556,5.96513,399,1509,1246,824,1327,"51,37,2.196 53,17,2.234 55,15,2.728 57,13,2.744 59,2,3.243 61,1,3.445"
12,COLLEGE 5 NW AK US,5,48.5,45.92607527,6.81895,663,1374,1412,1049,1641,"51,66,0.857 53,66,1.171 55,62,1.370 57,52,1.472 59,32,1.582 61,41,1.783 63,38,1.859 65,27,1.850 67,21,1.745 69,12,1.947 71,3,1.674"
12,COLLEGE 5 NW AK US,6,59,57.21944444,6.27944,803,1219,1341,1096,1775,"51,74,0.429 53,49,0.598 55,63,0.574 57,64,0.694 59,24,0.736 61,67,0.909 63,69,1.093 65,58,1.312 67,65,1.536 69,60,1.417 71,26,1.512 73,21,1.549 75,11,1.769 77,6,1.601 79,12,2.162 81,4,1.734 83,1,2.243"
12,COLLEGE 5 NW AK US,7,61,67.80510753,5.7965,677,1164,1274,924,1595,"51,69,0.347 53,42,0.373 55,56,0.381 57,60,0.399 59,41,0.528 61,63,0.626 63,54,0.999 65,60,1.306 67,47,1.311 69,62,1.633 71,40,1.785 73,29,1.880 75,38,2.045 77,12,2.193 79,17,2.180 81,7,1.509 83,3,2.775 85,2,2.203 87,2,2.003"
12,COLLEGE 5 NW AK US,8,55.1,67.91129032,5.51303,438,1124,1010,783,1217,"51,90,0.423 53,65,0.580 55,65,0.675 57,62,0.657 59,32,0.694 61,58,0.884 63,47,1.254 65,54,1.360 67,39,1.580 69,52,1.553 71,23,2.262 73,19,2.277 75,10,2.477 77,4,1.855 79,3,2.494"
12,COLLEGE 5 NW AK US,9,44.6,73.33611111,5.25486,236,913,650,463,685,"51,68,1.238 53,37,1.505 55,29,1.835 57,28,2.618 59,12,1.994 61,23,2.567 63,8,3.191"
12,COLLEGE 5 NW AK US,10,25.3,76.46774194,4.46478,113,652,365,191,303,"51,22,2.083 53,5,4.289 55,3,3.943 57,1,2.534"
12,COLLEGE 5 NW AK US,11,8.6,78.31666667,2.97083,47,359,98,97,77,
12,COLLEGE 5 NW AK US,12,3.9,79.75672043,2.3629,6,52,12,7,12,
13,COLLEGE OBSERVATORY AK US,1,-3.9,83.00268817,2.71397,19,205,67,29,44,
13,COLLEGE OBSERVATORY AK US,2,2,76.00744048,3.28616,83,683,300,162,231,
13,COLLEGE OBSERVATORY AK US,3,13.5,59.37096774,5.05087,222,1202,782,460,709,
13,COLLEGE OBSERVATORY AK US,4,32.1,48.95555556,5.96513,565,1673,1168,1189,1349,"51,37,2.196 53,17,2.234 55,15,2.728 57,13,2.744 59,2,3.243 61,1,3.445"
13,COLLEGE OBSERVATORY AK US,5,48.5,45.92607527,6.81895,631,1316,1438,996,1658,"51,66,0.857 53,66,1.171 55,62,1.370 57,52,1.472 59,32,1.582 61,41,1.783 63,38,1.859 65,27,1.850 67,21,1.745 69,12,1.947 71,3,1.674"
13,COLLEGE OBSERVATORY AK US,6,59.3,57.21944444,6.27944,804,1221,1344,1098,1778,"51,74,0.429 53,49,0.598 55,63,0.574 57,64,0.694 59,24,0.736 61,67,0.909 63,69,1.093 65,58,1.312 67,65,1.536 69,60,1.417 71,26,1.512 73,21,1.549 75,11,1.769 77,6,1.601 79,12,2.162 81,4,1.734 83,1,2.243"
13,COLLEGE OBSERVATORY AK US,7,61.6,67.80510753,5.7965,678,1166,1276,925,1597,"51,69,0.347 53,42,0.373 55,56,0.381 57,60,0.399 59,41,0.528 61,63,0.626 63,54,0.999 65,60,1.306 67,47,1.311 69,62,1.633 71,40,1.785 73,29,1.880 75,38,2.045 77,12,2.193 79,17,2.180 81,7,1.509 83,3,2.775 85,2,2.203 87,2,2.003"
13,COLLEGE OBSERVATORY AK US,8,55.2,67.91129032,5.51303,439,1171,1030,766,1228,"51,90,0.423 53,65,0.580 55,65,0.675 57,62,0.657 59,32,0.694 61,58,0.884 63,47,1.254 65,54,1.360 67,39,1.580 69,52,1.553 71,23,2.262 73,19,2.277 75,10,2.477 77,4,1.855 79,3,2.494"
13,COLLEGE OBSERVATORY AK US,9,43.9,73.33611111,5.25486,236,916,652,465,687,"51,68,1.238 53,37,1.505 55,29,1.835 57,28,2.618 59,12,1.994 61,23,2.567 63,8,3.191"
13,COLLEGE OBSERVATORY AK US,10,24.1,76.46774194,4.46478,114,654,366,192,304,"51,22,2.083 53,5,4.289 55,3,3.943 57,1,2.534"
13,COLLEGE OBSERVATORY AK US,11,4.6,78.31666667,2.97083,48,360,98,98,77,
13,COLLEGE OBSERVATORY AK US,12,-0.5,79.75672043,2.3629,6,52,12,7,12,
14,COOPER LANDING 5 W AK US,1,16.8,84.61424731,7.245105888,46,253,82,77,102,
14,COOPER LANDING 5 W AK US,2,21,86.97321429,10.40510839,108,921,447,221,328,
14,COOPER LANDING 5 W AK US,3,26.5,72.92607527,10.28782787,231,988,506,534,708,
14,COOPER LANDING 5 W AK US,4,36,68.37222222,10.02305293,352,1112,782,742,1110,"51,19,2.054 53,8,2.656 55,4,2.555 57,10,3.000 59,3,3.198 61,12,3.076 63,6,3.195 65,11,3.184 67,4,2.716"
14,COOPER LANDING 5 W AK US,5,45.5,65.80645161,9.020828815,574,1087,1087,891,1464,"51,72,1.772 53,32,1.881 55,19,1.590 57,16,1.725 59,10,3.115 61,8,1.816 63,7,2.780 65,4,3.691 67,8,3.235 69,1,3.627"
14,COOPER LANDING 5 W AK US,6,53.1,75.28333333,10.49032523,633,1123,1065,1107,1745,"51,149,0.819 53,88,1.279 55,52,1.561 57,55,1.667 59,36,2.411 61,17,2.138 63,12,2.417 65,3,1.804 67,8,2.580 69,10,2.589 71,5,2.952 73,3,2.294 75,4,2.899"
14,COOPER LANDING 5 W AK US,7,57.1,82.29704301,8.18979289,595,997,1029,851,1457,"51,234,0.317 53,124,0.883 55,95,1.248 57,76,1.849 59,29,2.566 61,40,2.426 63,27,1.801 65,11,2.284 67,7,2.296 69,4,2.609 71,6,3.514"
14,COOPER LANDING 5 W AK US,8,54.7,76.58198925,8.487149811,427,957,746,841,1169,"51,117,0.345 53,64,0.718 55,83,0.913 57,80,1.351 59,37,1.537 61,44,2.210 63,42,2.242 65,42,2.753 67,18,3.007 69,7,3.456"
14,COOPER LANDING 5 W AK US,9,46.4,66.98472222,8.409037245,214,714,444,473,668,"51,99,1.269 53,62,0.814 55,56,1.594 57,33,2.185 59,23,2.392 61,38,2.581 63,23,3.339 65,4,3.307"
14,COOPER LANDING 5 W AK US,10,33.9,82.2016129,11.90840806,135,675,305,320,386,"51,16,4.135 53,5,1.406 55,6,1.039 57,5,2.588 59,1,0.946"
14,COOPER LANDING 5 W AK US,11,22.5,80.48888889,11.74580884,61,811,228,216,189,"55,1,0.000 65,1,0.000 75,1,0.000 85,1,0.000 95,1,0.000 105,1,0.000"
14,COOPER LANDING 5 W AK US,12,19.9,75.91129032,9.028345421,28,149,47,44,61,
15,CORDOVA M K SMITH AIRPORT AK US,1,26.5,81.08736559,5.291089074,44,378,100,99,92,
15,CORDOVA M K SMITH AIRPORT AK US,2,28.3,83.74404762,8.239735366,94,337,144,144,187,
15,CORDOVA M K SMITH AIRPORT AK US,3,31.2,77.01612903,6.417978598,214,981,469,538,605,"51,5,1.940 53,2,1.888 55,1,3.732"
15,CORDOVA M K SMITH AIRPORT AK US,4,37.9,66.10694444,4.964457479,323,864,629,611,912,"51,35,1.684 53,14,2.266 55,17,3.522 57,18,4.818 59,4,2.693 61,10,4.460 63,10,4.685 65,11,4.212 67,7,5.400 69,1,3.680"
15,CORDOVA M K SMITH AIRPORT AK US,5,45.4,72.67607527,4.261614759,455,860,730,735,1190,"51,65,1.430 53,29,2.185 55,41,2.918 57,28,2.743 59,13,3.006 61,19,3.847 63,8,4.499 65,3,4.314"
15,CORDOVA M K SMITH AIRPORT AK US,6,51.2,76.86527778,4.292132178,545,781,706,845,1284,"51,134,0.534 53,76,0.994 55,69,1.113 57,50,1.491 59,33,1.732 61,22,2.203 63,18,2.362 65,23,2.648 67,2,4.259 69,20,3.989 71,10,4.666 73,5,4.469 75,1,3.839"
15,CORDOVA M K SMITH AIRPORT AK US,7,54.4,88.29166667,5.92098063,485,658,669,632,1051,"51,246,0.618 53,102,1.139 55,76,1.115 57,47,1.335 59,12,2.622 61,27,3.030 63,20,4.707 65,7,5.189 67,2,7.067 69,5,7.804"
15,CORDOVA M K SMITH AIRPORT AK US,8,53.9,79.5094086,3.114580732,373,891,638,766,1044,"51,122,0.237 53,67,0.612 55,73,0.780 57,67,1.224 59,25,2.100 61,52,1.866 63,25,2.532 65,38,3.567 67,17,3.816 69,17,4.705 71,2,5.624"
15,CORDOVA M K SMITH AIRPORT AK US,9,48.1,72.40416667,4.381920539,247,584,404,446,588,"51,102,0.803 53,66,1.739 55,59,1.732 57,63,1.249 59,17,1.363 61,27,3.042 63,23,3.415 65,15,3.554 67,9,1.726 69,4,2.205"
15,CORDOVA M K SMITH AIRPORT AK US,10,39.7,79.86290323,4.009958801,136,616,379,218,361,"51,44,2.499 53,1,1.127"
15,CORDOVA M K SMITH AIRPORT AK US,11,30.4,82.90972222,1.702561298,55,432,129,122,137,
15,CORDOVA M K SMITH AIRPORT AK US,12,28.4,77.19623656,4.816340259,26,194,50,51,47,"53,1,0.000 59,1,0.000"
16,DUTCH HARBOR AK US,1,32.4,84.48655914,11.69734177,61,332,209,70,147,
16,DUTCH HARBOR AK US,2,32.7,74.19494048,10.51695549,130,537,458,156,332,
16,DUTCH HARBOR AK US,3,33.4,71.40322581,11.88255093,221,687,720,288,617,
16,DUTCH HARBOR AK US,4,36.4,74.86805556,11.8355972,402,718,971,450,947,
16,DUTCH HARBOR AK US,5,41.5,69.3844086,12.20155568,524,645,902,533,1077,
16,DUTCH HARBOR AK US,6,46.8,72.64444444,11.52522152,567,660,831,582,1168,"51,84,1.266 53,25,1.604 55,13,1.200 57,3,4.995 59,4,3.713 61,2,0.682 63,1,0.000"
16,DUTCH HARBOR AK US,7,51.4,82.86290323,7.858160248,576,712,929,592,1210,"51,199,1.145 53,73,1.837 55,40,3.191 57,23,3.507 59,8,3.418 61,5,2.842 63,2,3.773"
16,DUTCH HARBOR AK US,8,52.9,82.50403226,5.416466057,377,459,627,385,748,"51,212,1.384 53,66,1.270 55,67,1.344 57,68,0.746 59,24,1.727 61,17,1.139 63,13,1.645 65,6,4.077 67,1,4.590 69,7,4.035 71,3,4.021"
16,DUTCH HARBOR AK US,9,48.8,71.07777778,12.783812,262,609,742,312,658,"51,120,1.208 53,20,0.933 55,24,1.109 57,40,0.738 59,11,1.762"
16,DUTCH HARBOR AK US,10,42.3,71.32795699,13.16608652,145,512,487,172,373,"51,5,2.105"
16,DUTCH HARBOR AK US,11,37.3,71.80416667,11.00451117,89,453,328,104,221,"51,1,0.000"
16,DUTCH HARBOR AK US,12,34.8,65.23252688,14.98540576,52,305,165,61,124,
17,EAGLE AIRPORT AK US,1,-9.5,77.36693548,3.432082156,31,346,118,54,76,
17,EAGLE AIRPORT AK US,2,-3.7,77.90625,3.495554522,110,835,408,211,315,
17,EAGLE AIRPORT AK US,3,7.2,64.57526882,5.388203619,347,1412,772,786,773,
17,EAGLE AIRPORT AK US,4,28.9,56.62777778,4.68639318,574,1695,1186,1204,1372,"51,11,1.908 53,7,2.419 55,5,1.873 57,3,0.897 59,1,1.176"
17,EAGLE AIRPORT AK US,5,46.1,54.07258065,4.929089344,644,1345,1462,1017,1689,"51,58,0.952 53,33,1.169 55,27,1.105 57,31,0.949 59,7,1.240 61,18,1.103 63,12,1.831 65,19,1.776 67,14,1.987 69,19,2.966 71,18,3.164 73,15,2.749 75,12,2.956 77,4,1.679 79,5,2.840 81,1,0.830"
17,EAGLE AIRPORT AK US,6,57.9,56.125,5.839660979,832,1286,1398,1145,1849,"51,90,0.787 53,61,0.928 55,48,0.995 57,55,1.276 59,46,0.904 61,33,1.209 63,33,1.438 65,39,1.534 67,22,1.702 69,39,2.027 71,20,2.362 73,10,2.341 75,9,2.114"
17,EAGLE AIRPORT AK US,7,60.4,64.99193548,3.404120383,711,1241,1338,979,1679,"51,99,0.153 53,81,0.426 55,69,0.381 57,53,0.596 59,34,0.846 61,48,0.983 63,61,1.038 65,38,1.411 67,40,1.786 69,64,1.779 71,31,1.846 73,25,1.992 75,26,2.375 77,6,1.704 79,8,2.502 81,8,2.990 83,5,3.846 85,2,4.341"
17,EAGLE AIRPORT AK US,8,53.6,65.88172043,5.716228292,467,1190,1066,831,1290,"51,98,0.562 53,46,0.763 55,40,1.148 57,37,1.139 59,46,1.663 61,41,1.937 63,34,2.079 65,33,1.999 67,25,1.637 69,28,2.122 71,14,3.052 73,10,3.808 75,1,4.227 77,4,3.343"
17,EAGLE AIRPORT AK US,9,41.8,75.84722222,3.321237277,280,944,744,502,794,"51,27,1.264 53,14,2.183 55,15,1.894 57,20,3.394 59,9,3.092 61,17,2.688"
17,EAGLE AIRPORT AK US,10,23,84.4422043,4.525597951,115,656,368,193,307,
17,EAGLE AIRPORT AK US,11,3,74.08888889,4.780841836,73,472,205,122,183,
17,EAGLE AIRPORT AK US,12,-4,77.04569892,1.912224486,19,198,60,30,44,"51,2,0.000"
18,EIELSON FIELD AK US,1,-7.5,87.50134409,5.258918002,20,206,67,29,45,
18,EIELSON FIELD AK US,2,-0.7,87.65625,4.110380653,81,680,297,159,227,
18,EIELSON FIELD AK US,3,12.5,70.14112903,5.184954602,221,1200,781,458,706,"51,11,1.847 53,6,2.681 55,3,2.479"
18,EIELSON FIELD AK US,4,33.1,67.45555556,6.496141275,399,1509,1246,824,1327,"51,7,1.310 53,2,1.951 55,3,2.062 57,2,3.123 59,2,3.038"
18,EIELSON FIELD AK US,5,49.4,57.08736559,6.437221109,631,1314,1437,994,1656,"51,70,1.315 53,42,1.777 55,44,1.588 57,39,1.833 59,45,2.003 61,16,1.874 63,16,1.923 65,7,2.742 67,3,1.421 69,1,1.502"
18,EIELSON FIELD AK US,6,59.9,50.16111111,6.043471237,802,1218,1341,1095,1774,"51,64,0.377 53,45,0.462 55,41,0.493 57,54,0.657 59,36,0.818 61,32,0.932 63,53,1.103 65,57,1.377 67,49,1.311 69,85,1.666 71,34,1.867 73,32,1.959 75,22,1.710 77,7,1.422 79,10,2.191 81,2,1.385"
18,EIELSON FIELD AK US,7,62.1,61.22580645,4.454641193,675,1158,1269,919,1587,"51,49,0.370 53,45,0.218 55,64,0.311 57,67,0.386 59,48,0.709 61,55,0.898 63,69,1.154 65,37,1.252 67,52,0.978 69,90,1.473 71,34,1.797 73,36,1.780 75,39,2.012 77,16,2.408 79,8,2.738 81,2,2.781 83,1,2.689"
18,EIELSON FIELD AK US,8,55.9,75.79435484,6.169930611,440,1173,1032,768,1230,"51,130,0.737 53,84,0.742 55,48,1.216 57,55,1.424 59,39,1.707 61,48,1.866 63,41,1.806 65,16,2.443 67,13,2.459 69,20,2.655"
18,EIELSON FIELD AK US,9,44.8,71.27777778,4.976884934,237,918,654,466,689,"51,55,1.091 53,34,1.746 55,14,1.659 57,12,1.875 59,6,1.505 61,3,1.773 63,4,0.719 65,9,0.162 67,2,0.883 69,5,1.450"
18,EIELSON FIELD AK US,10,23.9,86.92607527,4.177128111,113,652,365,191,303,"51,22,2.755 53,8,2.811 55,8,2.904 57,6,2.154 59,5,0.723 61,5,1.091 63,2,0.244 65,5,2.368 67,10,1.185 69,16,1.986 71,1,5.344 75,2,1.960"
18,EIELSON FIELD AK US,11,2.4,83.55833333,4.922825506,46,356,95,95,73,"51,3,1.242 53,4,0.601 55,2,0.000"
18,EIELSON FIELD AK US,12,-4.5,91.18817204,1.626292806,6,53,13,8,12,
19,FAIRBANKS INTERNATIONAL AIRPORT AK US,1,-7.9,83.00268817,2.71397,207.4564649,68.07876124,30.24946352,19.86186234,45.83481433,
19,FAIRBANKS INTERNATIONAL AIRPORT AK US,2,-1.3,76.00744048,3.28616,685.8939113,301.7454661,164.4272085,84.24882439,234.3458849,
19,FAIRBANKS INTERNATIONAL AIRPORT AK US,3,11.4,59.37096774,5.05087,1205.252078,785.1421929,461.7309691,222.7144543,712.1357768,
19,FAIRBANKS INTERNATIONAL AIRPORT AK US,4,32.5,48.95555556,5.96513,1678.308156,1172.245147,1191.774566,566.722775,1353.54342,"51,37,2.196 53,17,2.234 55,15,2.728 57,13,2.744 59,2,3.243 61,1,3.445"
19,FAIRBANKS INTERNATIONAL AIRPORT AK US,5,49.4,45.92607527,6.81895,1322.44825,1443.137863,999.6252137,633.9351643,1664.349509,"51,66,0.857 53,66,1.171 55,62,1.370 57,52,1.472 59,32,1.582 61,41,1.783 63,38,1.859 65,27,1.850 67,21,1.745 69,12,1.947 71,3,1.674"
19,FAIRBANKS INTERNATIONAL AIRPORT AK US,6,60.4,57.21944444,6.27944,1223.614119,1345.551476,1099.77498,804.9235952,1781.321292,"51,74,0.429 53,49,0.598 55,63,0.574 57,64,0.694 59,24,0.736 61,67,0.909 63,69,1.093 65,58,1.312 67,65,1.536 69,60,1.417 71,26,1.512 73,21,1.549 75,11,1.769 77,6,1.601 79,12,2.162 81,4,1.734 83,1,2.243"
19,FAIRBANKS INTERNATIONAL AIRPORT AK US,7,62.5,67.80510753,5.7965,1170.227542,1278.867775,928.3093458,679.6213205,1601.272805,"51,69,0.347 53,42,0.373 55,56,0.381 57,60,0.399 59,41,0.528 61,63,0.626 63,54,0.999 65,60,1.306 67,47,1.311 69,62,1.633 71,40,1.785 73,29,1.880 75,38,2.045 77,12,2.193 79,17,2.180 81,7,1.509 83,3,2.775 85,2,2.203 87,2,2.003"
19,FAIRBANKS INTERNATIONAL AIRPORT AK US,8,56.1,67.91129032,5.51303,1173.255953,1031.762716,768.0452096,439.6381328,1230.152226,"51,90,0.423 53,65,0.580 55,65,0.675 57,62,0.657 59,32,0.694 61,58,0.884 63,47,1.254 65,54,1.360 67,39,1.580 69,52,1.553 71,23,2.262 73,19,2.277 75,10,2.477 77,4,1.855 79,3,2.494"
19,FAIRBANKS INTERNATIONAL AIRPORT AK US,9,44.9,73.33611111,5.25486,918.9669898,655.0283462,467.1946507,238.1703902,691.2068792,"51,68,1.238 53,37,1.505 55,29,1.835 57,28,2.618 59,12,1.994 61,23,2.567 63,8,3.191"
19,FAIRBANKS INTERNATIONAL AIRPORT AK US,10,24.2,76.46774194,4.46478,656.7249426,368.7999595,194.1247901,115.4683605,308.0095516,"51,22,2.083 53,5,4.289 55,3,3.943 57,1,2.534"
19,FAIRBANKS INTERNATIONAL AIRPORT AK US,11,2.6,78.31666667,2.97083,363.1152918,100.6321387,99.52630043,49.30481932,80.93822734,
19,FAIRBANKS INTERNATIONAL AIRPORT AK US,12,-4.1,79.75672043,2.3629,53.38723789,13.49551965,7.571474803,5.892787926,12.82741654,
20,GLEN ALPS AK US,1,19.7,75.78494624,12.9356678,41,243,73,70,91,
20,GLEN ALPS AK US,2,20.8,77.02678571,13.082584,115,833,282,297,336,
20,GLEN ALPS AK US,3,23.3,60.80107527,14.1977542,228,981,500,529,700,
20,GLEN ALPS AK US,4,31.3,64.65555556,14.2996818,353,1115,785,745,1114,"51,10,1.586 53,1,2.708 55,1,3.969"
20,GLEN ALPS AK US,5,41.5,61.62903226,16.2370628,519,1026,929,893,1421,"51,171,1.226 53,81,1.977 55,43,2.203 57,32,2.414 59,10,2.483 61,11,3.011 63,7,3.975"
20,GLEN ALPS AK US,6,49.2,64.15138889,16.0987602,621,1072,1098,999,1657,"51,134,0.256 53,82,0.541 55,123,0.594 57,96,1.022 59,42,1.254 61,57,1.754 63,41,2.088 65,33,2.233 67,21,2.241 69,27,2.716 71,7,2.908 73,3,3.244 75,2,1.909"
20,GLEN ALPS AK US,7,52.6,70.94086022,14.421184,556,1034,883,938,1479,"51,61,0.150 53,78,0.186 55,113,0.210 57,130,0.595 59,57,0.699 61,92,1.137 63,77,1.754 65,53,2.336 67,44,2.702 69,29,2.790 71,2,3.048 73,2,3.553 75,1,2.707"
20,GLEN ALPS AK US,8,51.1,72.31317204,13.3906754,426,955,744,840,1167,"51,87,0.155 53,97,0.421 55,118,0.443 57,111,0.612 59,90,1.368 61,74,1.857 63,54,2.242 65,29,2.398 67,28,3.222 69,6,3.398 71,1,0.692"
20,GLEN ALPS AK US,9,43.2,73.33611111,13.6767284,234,838,417,540,694,"51,131,0.504 53,98,0.866 55,99,1.194 57,68,1.332 59,21,1.185 61,34,3.490 63,13,5.741 65,7,4.264 67,3,3.789"
20,GLEN ALPS AK US,10,31.5,75.91263441,13.1620076,127,494,240,234,329,"51,3,6.688"
20,GLEN ALPS AK US,11,23,79.975,12.9435636,56,433,130,122,138,
20,GLEN ALPS AK US,12,21.4,85.5577957,12.280394,25,142,41,39,53,
21,GULKANA AIRPORT AK US,1,-2.9,87.45833333,2.94331,299.2248777,104.2216334,57.93219274,37.79294944,87.16303737,
21,GULKANA AIRPORT AK US,2,5.5,73.54017857,3.7302,757.4573019,406.3978166,201.6997479,111.8919639,316.5081645,
21,GULKANA AIRPORT AK US,3,15.6,66.32795699,5.37362,1199.033921,647.9922454,660.9062918,274.2463116,704.2245011,
21,GULKANA AIRPORT AK US,4,31.8,55.05555556,6.32194,1350.702579,1220.01627,790.5505712,408.5492378,1303.580882,"51,10,1.956 53,4,2.440 55,4,3.193 57,4,2.928 59,3,3.689 61,8,3.088 63,2,3.884 65,4,3.268"
21,GULKANA AIRPORT AK US,5,45.2,49.34543011,7.17083,1276.703275,1228.107328,1074.839753,580.4158677,1682.93367,"51,87,1.289 53,74,1.757 55,31,1.323 57,24,1.858 59,16,1.919 61,18,1.877 63,18,2.604 65,10,2.648 67,14,2.002 69,10,2.134 71,1,1.536"
21,GULKANA AIRPORT AK US,6,54.4,59.25972222,6.86916,950.4413821,963.8228789,932.008124,613.7346593,1501.88859,"51,81,0.588 53,68,0.673 55,68,0.917 57,60,1.012 59,33,1.202 61,37,1.603 63,37,1.723 65,37,1.959 67,40,1.831 69,22,2.618 71,14,3.229 73,7,1.775 75,9,1.627 77,2,1.006 79,3,2.582 81,2,2.887"
21,GULKANA AIRPORT AK US,7,57.6,68.66397849,6.63373,1013.400222,1098.55725,832.4208407,632.0227605,1479.979128,"51,109,0.392 53,90,0.555 55,105,0.693 57,76,0.993 59,57,1.685 61,49,1.654 63,45,1.887 65,36,2.316 67,27,2.853 69,13,2.594 71,4,2.060"
21,GULKANA AIRPORT AK US,8,53.5,70.09408602,6.45201,1029.205158,1043.695215,675.2319131,439.0108586,1181.539874,"51,90,0.733 53,71,1.017 55,54,0.975 57,59,1.620 59,29,1.784 61,43,2.066 63,33,1.954 65,24,2.235 67,9,2.614 69,12,2.246"
21,GULKANA AIRPORT AK US,9,43.3,66.84166667,6.46676,970.885365,745.5424941,500.6561043,254.7869004,772.4482254,"51,75,1.328 53,34,1.144 55,26,1.559 57,25,2.617 59,6,2.184 61,5,3.490 63,4,2.857 65,1,4.556 67,2,2.397 69,1,2.207"
21,GULKANA AIRPORT AK US,10,26.6,82.81317204,4.58817,615.8641937,379.0743435,217.6816127,136.4444435,361.6383963,
21,GULKANA AIRPORT AK US,11,5.8,81.59861111,3.01723,367.011128,160.6253084,75.85592749,52.14858019,126.0059831,
21,GULKANA AIRPORT AK US,12,0.4,79.38575269,2.92121,206.9256217,54.08247404,30.49403298,20.8696937,45.91708406,
22,HOMER 8 NW AK US,1,23.4,80.64650538,7.891,44,338,97,96,101,
22,HOMER 8 NW AK US,2,24.7,60.51636905,7.50648,109,835,290,306,330,
22,HOMER 8 NW AK US,3,27.7,72.45967742,8.21421,228,1058,480,605,764,
22,HOMER 8 NW AK US,4,34.7,74.51388889,8.28911,356,1121,790,749,1120,"51,22,3.448 53,1,3.520"
22,HOMER 8 NW AK US,5,43.3,72.98655914,8.37386,429,860,790,732,1293,"51,103,2.033 53,39,2.068 55,14,2.038 57,8,3.139"
22,HOMER 8 NW AK US,6,49.6,74.90277778,8.02972,540,956,968,974,1628,"51,204,0.896 53,113,1.060 55,69,1.809 57,51,2.018 59,13,2.110 61,17,2.038 63,9,2.562 65,5,2.861 67,1,1.004 69,1,4.118 71,2,1.950 73,4,3.575 75,1,3.067"
22,HOMER 8 NW AK US,7,53.4,80.94086022,7.49954,554,1029,879,934,1473,"51,163,0.271 53,120,0.615 55,133,1.173 57,132,1.513 59,42,1.862 61,53,1.825 63,24,2.750 65,6,2.461"
22,HOMER 8 NW AK US,8,53.1,79.50537634,7.17811,355,1045,836,844,1261,"51,110,0.434 53,75,0.679 55,106,0.856 57,106,1.205 59,44,1.489 61,85,1.529 63,53,1.458 65,34,1.945 67,22,2.448 69,3,3.155"
22,HOMER 8 NW AK US,9,46.4,84.375,7.37001,212,711,441,471,663,"51,196,0.976 53,135,1.640 55,58,1.427 57,10,2.984 59,5,1.975 61,11,2.746 63,6,5.057 65,1,5.687 67,3,7.411"
22,HOMER 8 NW AK US,10,35.6,77.51209677,7.52243,140,688,316,329,401,"51,44,2.976 53,6,6.455"
22,HOMER 8 NW AK US,11,27.1,67.49583333,7.77666,65,821,236,223,200,
22,HOMER 8 NW AK US,12,24.7,78.69892473,7.91965,31,280,74,68,69,
23,HOMER AIRPORT AK US,1,24.8,80.64650538,7.891,339.5003118,97.91309362,96.69334128,44.68688912,102.8681591,
23,HOMER AIRPORT AK US,2,26.2,60.51636905,7.50648,837.5020869,292.8255581,308.4016263,111.1859969,333.9589865,
23,HOMER AIRPORT AK US,3,29.9,72.45967742,8.21421,1063.02716,484.9047327,608.9413077,230.4511071,769.6060239,
23,HOMER AIRPORT AK US,4,37,74.51388889,8.28911,842.2338981,517.5172077,660.9837088,294.4717843,956.1580675,"51,22,3.448 53,1,3.520"
23,HOMER AIRPORT AK US,5,44.5,72.98655914,8.37386,869.9402602,798.025091,738.551528,433.4460965,1303.531136,"51,103,2.033 53,39,2.068 55,14,2.038 57,8,3.139"
23,HOMER AIRPORT AK US,6,50.6,74.90277778,8.02972,966.2642359,976.8511607,982.1134749,545.4792575,1639.292411,"51,204,0.896 53,113,1.060 55,69,1.809 57,51,2.018 59,13,2.110 61,17,2.038 63,9,2.562 65,5,2.861 67,1,1.004 69,1,4.118 71,2,1.950 73,4,3.575 75,1,3.067"
23,HOMER AIRPORT AK US,7,54.6,80.94086022,7.49954,790.748423,826.0696233,761.7398073,482.8515569,1312.177041,"51,163,0.271 53,120,0.615 55,133,1.173 57,132,1.513 59,42,1.862 61,53,1.825 63,24,2.750 65,6,2.461"
23,HOMER AIRPORT AK US,8,53.9,79.50537634,7.17811,1055.107265,844.0958372,851.0075719,359.4934013,1272.089857,"51,110,0.434 53,75,0.679 55,106,0.856 57,106,1.205 59,44,1.489 61,85,1.529 63,53,1.458 65,34,1.945 67,22,2.448 69,3,3.155"
23,HOMER AIRPORT AK US,9,48.1,84.375,7.37001,714.4716682,444.0194885,473.2652315,214.2408092,667.0548189,"51,196,0.976 53,135,1.640 55,58,1.427 57,10,2.984 59,5,1.975 61,11,2.746 63,6,5.057 65,1,5.687 67,3,7.411"
23,HOMER AIRPORT AK US,10,38.1,77.51209677,7.52243,691.6884673,318.8780959,331.8201909,141.5501282,404.7498704,"51,44,2.976 53,6,6.455"
23,HOMER AIRPORT AK US,11,29.5,67.49583333,7.77666,821.2365046,236.437807,223.4856569,65.19846072,199.5206372,
23,HOMER AIRPORT AK US,12,27.1,78.69892473,7.91965,278.7018523,72.98924961,67.26207907,30.88869237,68.46279375,
24,ILIAMNA AIRPORT AK US,1,17.5,72.71505376,12.78544561,45,339,97,96,102,
24,ILIAMNA AIRPORT AK US,2,19.7,81.77529762,12.21197154,133,697,299,295,360,
24,ILIAMNA AIRPORT AK US,3,23.5,75.14784946,13.07618791,373,1147,683,651,739,
24,ILIAMNA AIRPORT AK US,4,33.1,67.94861111,8.141846968,362,990,755,715,1079,"51,22,2.429 53,17,2.616 55,13,2.579 57,5,3.065 59,6,2.943 61,5,4.017 63,3,3.879 65,1,2.850 67,2,3.888"
24,ILIAMNA AIRPORT AK US,5,44,63.91532258,8.397251207,430,863,792,734,1296,"51,56,1.577 53,46,2.107 55,20,2.139 57,14,1.901 59,6,2.139 61,8,2.002 63,4,2.480 65,2,1.373"
24,ILIAMNA AIRPORT AK US,6,51.7,67.23055556,10.17715337,580,899,786,897,1470,"51,102,0.741 53,54,0.965 55,38,1.095 57,46,1.397 59,33,1.808 61,30,2.316 63,24,2.541 65,16,2.807 67,8,3.344 69,21,2.542 71,10,2.114 73,11,2.016 75,3,3.350 77,1,2.856"
24,ILIAMNA AIRPORT AK US,7,56.1,80.90591398,9.687100743,516,786,760,860,1316,"51,88,0.339 53,132,0.349 55,115,0.684 57,97,1.092 59,28,1.054 61,40,1.642 63,39,1.559 65,29,1.898 67,17,2.397 69,17,2.321 71,5,2.486 73,6,2.870 75,9,3.241 77,4,2.945 79,4,3.255 81,3,3.679 83,1,3.484"
24,ILIAMNA AIRPORT AK US,8,54.8,77.24596774,8.998278998,400,778,661,683,1036,"51,112,0.456 53,122,0.336 55,92,0.692 57,93,0.851 59,55,1.108 61,43,1.806 63,42,2.413 65,33,3.002 67,10,2.610 69,23,3.587 71,1,1.826"
24,ILIAMNA AIRPORT AK US,9,48,67.09305556,9.139460897,246,694,429,460,653,"51,136,0.506 53,90,0.967 55,51,1.707 57,42,2.477 59,8,3.021 61,11,3.496 63,10,3.778 65,4,3.637 67,3,4.741"
24,ILIAMNA AIRPORT AK US,10,35.1,72.70833333,12.26950579,143,694,321,333,407,"51,24,2.444 53,20,0.714 55,3,2.355"
24,ILIAMNA AIRPORT AK US,11,24.7,77.26666667,11.78153777,63,817,233,220,196,
24,ILIAMNA AIRPORT AK US,12,20.8,78.08064516,12.04881825,35,288,80,73,77,
25,JUNEAU INTERNATIONAL AIRPORT AK US,1,28.3,84.10887097,7.2301,388.3348598,122.3519994,127.3837825,65.95525151,123.773516,
25,JUNEAU INTERNATIONAL AIRPORT AK US,2,30.1,74.59821429,7.30818,714.9128089,339.3265772,309.7075656,165.5810543,336.6755745,
25,JUNEAU INTERNATIONAL AIRPORT AK US,3,33.8,73.34005376,7.86689,745.9718409,444.7025952,444.6537937,258.3384617,579.9468296,
25,JUNEAU INTERNATIONAL AIRPORT AK US,4,40.8,79.38888889,7.83125,1099.279934,829.4495856,850.4790346,470.6039468,1113.367635,"51,46,1.946 53,14,2.344 55,18,3.172 57,11,2.168 59,2,4.856 61,16,3.751 63,8,3.727 65,2,2.897"
25,JUNEAU INTERNATIONAL AIRPORT AK US,5,48.6,73.25134409,7.46868,1221.979365,1125.540398,1115.247945,678.2319727,1562.132014,"51,129,0.693 53,62,1.037 55,48,1.287 57,50,1.702 59,14,2.053 61,46,2.211 63,34,2.602 65,14,2.068 67,15,2.685 69,12,2.853 71,5,2.963 73,1,2.867"
25,JUNEAU INTERNATIONAL AIRPORT AK US,6,54.6,79.30277778,7.04763,869.6900158,839.1727516,879.3486928,555.1999664,1435.649281,"51,146,0.371 53,101,0.678 55,67,0.748 57,57,1.310 59,34,1.338 61,37,1.900 63,32,1.858 65,19,2.723 67,20,2.753 69,30,3.248 71,6,3.358 73,2,4.678 75,4,3.470 77,1,4.831 79,4,4.051"
25,JUNEAU INTERNATIONAL AIRPORT AK US,7,56.9,86.20430108,6.79368,728.4863362,647.6934642,733.7137977,509.0321465,1118.792419,"51,123,0.183 53,159,0.268 55,133,0.640 57,115,1.016 59,37,1.166 61,38,1.449 63,51,1.799 65,25,2.549 67,12,4.049 69,21,4.961 71,4,5.765 73,4,4.498 75,3,5.544 77,2,5.102"
25,JUNEAU INTERNATIONAL AIRPORT AK US,8,55.9,84.1155914,6.92365,1022.247986,937.1231645,860.6861323,450.4475181,1252.254475,"51,156,0.307 53,132,0.557 55,96,0.725 57,61,1.257 59,40,1.325 61,47,1.689 63,35,2.731 65,10,3.468 67,8,3.610 69,17,3.263 71,11,4.327 73,11,3.492 75,6,3.509"
25,JUNEAU INTERNATIONAL AIRPORT AK US,9,50,90.33055556,7.81125,705.8156319,440.6338181,562.2762499,277.1091527,649.9546603,"51,248,0.573 53,94,1.211 55,34,2.812 57,21,5.551 59,9,7.020 61,11,6.139 63,4,2.696"
25,JUNEAU INTERNATIONAL AIRPORT AK US,10,42.4,88.48387097,8.53857,697.6664351,328.6548641,314.059115,126.7080755,394.1001198,"51,74,2.219 53,8,3.457 55,3,9.061"
25,JUNEAU INTERNATIONAL AIRPORT AK US,11,33.4,69.61527778,7.60361,388.3690321,174.7464626,166.9242656,109.1182582,176.337688,
25,JUNEAU INTERNATIONAL AIRPORT AK US,12,29.9,88.55510753,7.76303,238.2218566,82.65648387,82.04393326,51.96173798,84.6389429,
26,KENAI MUNICIPAL AIRPORT AK US,1,16.4,84.61424731,9.423117551,44,250,79,75,99,
26,KENAI MUNICIPAL AIRPORT AK US,2,19.7,86.97321429,6.040408757,108,921,448,221,329,
26,KENAI MUNICIPAL AIRPORT AK US,3,25.7,72.92607527,10.28933119,232,990,508,535,710,
26,KENAI MUNICIPAL AIRPORT AK US,4,36.2,68.37222222,7.664011334,353,1115,785,744,1113,"51,19,2.054 53,8,2.656 55,4,2.555 57,10,3.000 59,3,3.198 61,12,3.076 63,6,3.195 65,11,3.184 67,4,2.716"
26,KENAI MUNICIPAL AIRPORT AK US,5,46,65.80645161,8.812167841,574,1087,1088,892,1464,"51,72,1.772 53,32,1.881 55,19,1.590 57,16,1.725 59,10,3.115 61,8,1.816 63,7,2.780 65,4,3.691 67,8,3.235 69,1,3.627"
26,KENAI MUNICIPAL AIRPORT AK US,6,52.5,75.28333333,8.081884499,629,1113,1057,1100,1733,"51,149,0.819 53,88,1.279 55,52,1.561 57,55,1.667 59,36,2.411 61,17,2.138 63,12,2.417 65,3,1.804 67,8,2.580 69,10,2.589 71,5,2.952 73,3,2.294 75,4,2.899"
26,KENAI MUNICIPAL AIRPORT AK US,7,56.3,82.29704301,8.780297433,555,1032,881,936,1476,"51,234,0.317 53,124,0.883 55,95,1.248 57,76,1.849 59,29,2.566 61,40,2.426 63,27,1.801 65,11,2.284 67,7,2.296 69,4,2.609 71,6,3.514"
26,KENAI MUNICIPAL AIRPORT AK US,8,55,76.58198925,6.322968702,362,1062,850,856,1279,"51,117,0.345 53,64,0.718 55,83,0.913 57,80,1.351 59,37,1.537 61,44,2.210 63,42,2.242 65,42,2.753 67,18,3.007 69,7,3.456"
26,KENAI MUNICIPAL AIRPORT AK US,9,48.1,66.98472222,7.488162849,231,832,411,535,687,"51,99,1.269 53,62,0.814 55,56,1.594 57,33,2.185 59,23,2.392 61,38,2.581 63,23,3.339 65,4,3.307"
26,KENAI MUNICIPAL AIRPORT AK US,10,35.2,82.2016129,7.196398283,137,516,258,249,353,"51,16,4.135 53,5,1.406 55,6,1.039 57,5,2.588 59,1,0.946"
26,KENAI MUNICIPAL AIRPORT AK US,11,23.2,80.48888889,6.66515466,63,450,144,134,156,"55,1,0.000 65,1,0.000 75,1,0.000 85,1,0.000 95,1,0.000 105,1,0.000"
26,KENAI MUNICIPAL AIRPORT AK US,12,19,75.91129032,8.385224638,27,147,45,42,58,
27,KING SALMON AIRPORT AK US,1,16.2,87.59811828,10.1759,441.138654,152.1047424,148.4617967,87.64127063,138.9986278,
27,KING SALMON AIRPORT AK US,2,18.8,67.5610119,10.3224,692.7062286,294.5405637,291.7574833,130.6255435,355.2802612,
27,KING SALMON AIRPORT AK US,3,24.1,74.47580645,10.8632,1148.455147,683.8911246,652.4589942,373.9598323,740.8942993,
27,KING SALMON AIRPORT AK US,4,33.7,75.10138889,10.4687,987.7534994,752.9925188,712.8075052,361.4866242,1076.886238,"51,17,2.266 53,8,1.769 55,2,3.040"
27,KING SALMON AIRPORT AK US,5,44.2,75.75806452,10.2747,901.2728221,778.2414962,824.4694201,479.6867972,1293.715054,"51,39,2.470 53,17,2.733 55,12,2.978 57,9,2.780 59,2,3.771"
27,KING SALMON AIRPORT AK US,6,51.5,78.48333333,9.56583,897.0286472,784.4146697,894.6317446,578.5041443,1468.0681,"51,88,0.841 53,51,1.047 55,60,1.676 57,46,1.849 59,35,2.220 61,24,2.853 63,13,3.141 65,12,3.909 67,2,4.796 69,1,4.096"
27,KING SALMON AIRPORT AK US,7,55.5,81.15322581,9.16088,772.7416389,749.2602486,850.3866483,510.1619508,1301.069215,"51,161,0.321 53,96,0.688 55,82,0.659 57,72,1.054 59,32,1.255 61,45,1.270 63,32,2.393 65,30,2.741 67,13,2.259 69,22,2.664 71,6,4.280 73,9,3.442 75,10,3.935 77,2,3.983 79,5,4.700"
27,KING SALMON AIRPORT AK US,8,54.6,77.19892473,9.25591,791.1280233,672.4325026,692.3942925,405.697964,1049.99661,"51,140,0.492 53,120,0.661 55,94,0.803 57,67,1.491 59,21,1.067 61,47,1.246 63,32,1.836 65,24,2.496 67,15,2.210 69,21,2.614 71,8,4.319 73,3,4.874 75,5,4.658 79,2,5.208"
27,KING SALMON AIRPORT AK US,9,47.6,80.58472222,9.74791,715.3032204,446.7939124,474.5189483,255.1119913,676.9943593,"51,190,1.329 53,93,1.800 55,32,1.714 57,19,1.309 59,5,1.337 61,11,2.522 63,3,3.531"
27,KING SALMON AIRPORT AK US,10,33.5,80.45295699,9.54005,659.1130754,333.0151267,303.1187672,153.4334097,409.9098566,"51,2,2.354"
27,KING SALMON AIRPORT AK US,11,22.9,81.0125,9.70305,448.6318099,155.9729743,163.327891,74.40145764,184.3456593,
27,KING SALMON AIRPORT AK US,12,18.6,88.1344086,9.72043,351.7078904,93.8583503,88.69233482,42.14950751,101.7538818,
28,KITOI BAY AK US,1,30,76.90994624,7.256438,60,387,165,85,143,
28,KITOI BAY AK US,2,30.6,79.89136905,7.109814,128,696,387,227,366,
28,KITOI BAY AK US,3,32.7,67.34811828,7.453638,228,957,686,418,724,
28,KITOI BAY AK US,4,37.5,68.12083333,6.9397,334,946,697,693,1147,"51,43,3.075 53,20,3.620 55,11,4.093 57,4,4.180 61,1,4.882"
28,KITOI BAY AK US,5,44.2,75.88978495,6.26922,482,906,782,827,1299,"51,35,3.217 53,21,3.564 55,18,3.970"
28,KITOI BAY AK US,6,50.2,83.60277778,5.6943066,571,889,923,921,1608,"51,145,1.287 53,40,1.941 55,22,2.148 57,22,2.224 59,9,3.196 61,15,2.469 63,13,3.164 65,6,2.256 67,1,2.524 69,3,3.409 71,2,3.812 73,1,4.029 75,3,4.440 77,1,4.492"
28,KITOI BAY AK US,7,54.5,84.78360215,4.8480634,511,774,750,851,1302,"51,257,0.345 53,175,0.933 55,78,1.584 57,51,2.069 59,21,1.933 61,21,1.060 63,16,2.962 65,12,2.844 67,9,4.669 69,5,3.943 71,2,5.021 73,1,5.298 75,4,5.258"
28,KITOI BAY AK US,8,55.2,80.56586022,5.042723,347,956,820,734,1268,"51,109,0.211 53,127,0.414 55,118,0.717 57,95,0.970 59,41,1.420 61,60,1.913 63,34,3.151 65,19,2.282 67,22,2.954 69,15,3.227 71,7,3.947 73,4,3.416 75,1,3.509 77,1,2.862"
28,KITOI BAY AK US,9,49.6,81.13055556,5.823432,270,833,700,429,779,"51,181,0.758 53,118,1.350 55,57,2.073 57,37,2.791 59,7,4.285 61,7,4.348 63,6,4.921"
28,KITOI BAY AK US,10,40.1,79.57795699,6.595296,147,774,495,255,430,"51,36,2.654 53,10,4.525 55,4,3.307"
28,KITOI BAY AK US,11,33.3,75.77361111,7.224596,65,822,236,223,201,
28,KITOI BAY AK US,12,30.6,80.46236559,7.423884,42,353,95,90,103,
29,KODIAK AIRPORT AK US,1,30.5,76.90994624,12.5111,381.3734921,160.156705,80.72860987,56.689169,137.3057832,
29,KODIAK AIRPORT AK US,2,30.8,79.89136905,12.2583,685.5200568,378.4143712,220.2900513,122.7572006,355.2392468,
29,KODIAK AIRPORT AK US,3,32.8,67.34811828,12.8511,951.0671442,680.5736856,414.2761296,224.7735271,717.0842649,
29,KODIAK AIRPORT AK US,4,37.6,68.12083333,11.965,929.0289307,683.0077091,680.9070171,327.2806747,1128.776791,"51,43,3.075 53,20,3.620 55,11,4.093 57,4,4.180 61,1,4.882"
29,KODIAK AIRPORT AK US,5,44.3,75.88978495,10.809,861.7352687,999.3739109,747.9534589,564.1741381,1369.04587,"51,35,3.217 53,21,3.564 55,18,3.970"
29,KODIAK AIRPORT AK US,6,49.7,83.60277778,9.81777,876.4465384,912.1232974,910.6445119,564.5658726,1593.350718,"51,145,1.287 53,40,1.941 55,22,2.148 57,22,2.224 59,9,3.196 61,15,2.469 63,13,3.164 65,6,2.256 67,1,2.524 69,3,3.409 71,2,3.812 73,1,4.029 75,3,4.440 77,1,4.492"
29,KODIAK AIRPORT AK US,7,54.5,84.78360215,8.35873,765.1083537,717.0104012,739.1017633,454.0949623,1295.468579,"51,257,0.345 53,175,0.933 55,78,1.584 57,51,2.069 59,21,1.933 61,21,1.060 63,16,2.962 65,12,2.844 67,9,4.669 69,5,3.943 71,2,5.021 73,1,5.298 75,4,5.258"
29,KODIAK AIRPORT AK US,8,55.2,80.56586022,8.69435,951.3999465,815.854436,729.566016,345.1302812,1262.134289,"51,109,0.211 53,127,0.414 55,118,0.717 57,95,0.970 59,41,1.420 61,60,1.913 63,34,3.151 65,19,2.282 67,22,2.954 69,15,3.227 71,7,3.947 73,4,3.416 75,1,3.509 77,1,2.862"
29,KODIAK AIRPORT AK US,9,49.4,81.13055556,10.0404,837.2770937,702.8607826,431.9477677,272.2505938,782.8040334,"51,181,0.758 53,118,1.350 55,57,2.073 57,37,2.791 59,7,4.285 61,7,4.348 63,6,4.921"
29,KODIAK AIRPORT AK US,10,40.5,79.57795699,11.3712,767.422774,489.2172523,249.5662432,143.7430741,421.5668219,"51,36,2.654 53,10,4.525 55,4,3.307"
29,KODIAK AIRPORT AK US,11,33.9,75.77361111,12.4562,547.6530193,242.4392493,129.1155814,71.90710805,196.8263142,
29,KODIAK AIRPORT AK US,12,31.2,80.46236559,12.7998,359.0047443,126.0940884,67.93607563,40.25748801,100.6151281,
30,KOTZEBUE RALPH WEIN MEMORIAL AIRPORT AK ,1,-2.8,75.20026882,12.209,208.433174,36.05587969,36.92375658,12.08770838,21.41605902,
30,KOTZEBUE RALPH WEIN MEMORIAL AIRPORT AK ,2,-0.8,71.88541667,12.6319,610.7276443,324.469508,89.14170682,62.38942976,172.6703793,
30,KOTZEBUE RALPH WEIN MEMORIAL AIRPORT AK ,3,1.1,77.53494624,11.0337,1098.099855,869.7828557,316.7386766,193.7524854,599.6349384,
30,KOTZEBUE RALPH WEIN MEMORIAL AIRPORT AK ,4,13.3,71.25833333,11.0102,1744.176559,1230.683863,1323.94518,651.3716786,1245.676374,
30,KOTZEBUE RALPH WEIN MEMORIAL AIRPORT AK ,5,31.9,87.07526882,10.4852,1294.729338,1495.451639,924.9615145,751.5182694,1631.331313,
30,KOTZEBUE RALPH WEIN MEMORIAL AIRPORT AK ,6,45.7,84.02638889,11.0313,1198.707999,1287.332235,1049.672351,844.1420304,1694.581147,"51,82,1.202 53,47,1.056 55,51,1.058 57,23,1.534 59,6,1.312 61,14,1.618 63,4,1.444 65,2,0.921 67,3,1.653"
30,KOTZEBUE RALPH WEIN MEMORIAL AIRPORT AK ,7,54.6,78.71370968,11.6768,1125.56701,962.2211637,1191.016046,648.3961141,1511.97805,"51,119,0.700 53,105,0.619 55,117,0.755 57,123,1.242 59,45,1.312 61,77,1.691 63,53,1.579 65,16,2.230 67,5,2.868 69,3,2.888"
30,KOTZEBUE RALPH WEIN MEMORIAL AIRPORT AK ,8,51.7,83.39919355,12.3634,840.0957073,806.1118402,583.4829868,411.7212176,948.5622055,"51,211,0.847 53,134,0.687 55,105,0.902 57,79,1.010 59,34,1.456 61,22,2.197 63,8,1.557 65,8,1.714 67,7,1.983 69,6,3.154"
30,KOTZEBUE RALPH WEIN MEMORIAL AIRPORT AK ,9,42.3,82.90972222,12.5808,801.9149169,440.2442005,512.6507483,191.2835902,566.6183301,"51,37,1.737 53,14,1.947 55,3,3.721 57,5,3.850 59,3,4.329 61,1,4.837"
30,KOTZEBUE RALPH WEIN MEMORIAL AIRPORT AK ,10,24.3,81.66532258,12.9262,566.8058622,387.0162382,128.94609,88.22117985,240.3107356,
30,KOTZEBUE RALPH WEIN MEMORIAL AIRPORT AK ,11,9.1,80.8,13.5591,169.4124394,60.60265844,19.31716028,16.08939171,37.41261437,
30,KOTZEBUE RALPH WEIN MEMORIAL AIRPORT AK ,12,2.3,81.42473118,13.0045,11.3764622,2.479211664,0.112519353,0.112519353,0.387340673,
31,KUPARUK AK US,1,-15.4,77.86962366,10.314908,0,10,1,1,0,
31,KUPARUK AK US,2,-16.1,75.60714286,10.470533,42,377,101,108,103,
31,KUPARUK AK US,3,-13.6,79.76478495,9.743951,188,1213,766,445,632,
31,KUPARUK AK US,4,2.5,78.80694444,9.88115,590,1705,1240,1226,1306,
31,KUPARUK AK US,5,23.7,88,10.34097,679,1183,1003,1042,1481,
31,KUPARUK AK US,6,41.4,89.34861111,10.000753,780,1041,1006,998,1506,"51,5,1.286 53,1,0.881"
31,KUPARUK AK US,7,48.8,89.44623656,10.108238,728,1243,1201,1159,1643,"51,25,1.112 53,7,1.707 55,9,1.929 57,2,2.534"
31,KUPARUK AK US,8,45.1,85.73790323,10.387035,413,835,664,644,950,"51,33,2.497 53,29,2.862 55,29,3.699 57,13,3.343 59,4,4.552 61,3,3.065"
31,KUPARUK AK US,9,35.4,85.6,10.93774,204,439,299,309,455,
31,KUPARUK AK US,10,16.7,96.97043011,11.405113,85,306,134,144,191,
31,KUPARUK AK US,11,-1.8,83.78472222,10.938819,19,78,36,32,44,
31,KUPARUK AK US,12,-10,78.58467742,10.622506,0,0,0,0,0,
32,LITTLE PORT WALTER AK US,1,34.2,69.71908602,7.902357889,68,393,127,131,130,"51,2,0.000"
32,LITTLE PORT WALTER AK US,2,34.8,64.04613095,7.95346007,130,619,251,263,329,
32,LITTLE PORT WALTER AK US,3,36.6,66.38575269,9.43514412,244,788,474,479,693,"51,4,0.935 53,1,0.552"
32,LITTLE PORT WALTER AK US,4,41,62.81388889,6.695601924,475,1108,837,857,1123,"51,3,2.334"
32,LITTLE PORT WALTER AK US,5,46.6,73.60349462,6.668732564,481,804,706,783,1206,"51,88,0.920 53,26,1.297 55,20,0.947 57,8,1.465 59,5,0.459 61,5,2.162 63,4,3.004 65,5,2.152 67,3,5.302 69,10,4.451 71,3,3.841"
32,LITTLE PORT WALTER AK US,6,52.1,81.18472222,6.385226242,613,914,889,1052,1614,"51,192,0.836 53,132,0.833 55,70,1.605 57,53,1.468 59,8,1.382 61,17,1.744 63,15,2.896 65,5,3.740 67,8,3.851 69,3,4.406"
32,LITTLE PORT WALTER AK US,7,55.8,86.88978495,4.960358424,585,876,749,871,1252,"51,172,0.504 53,171,0.784 55,195,0.904 57,101,1.592 59,20,2.976 61,25,2.614 63,13,3.137 65,4,3.976"
32,LITTLE PORT WALTER AK US,8,55.8,85.5766129,6.388513504,399,907,647,826,1133,"51,93,0.312 53,162,0.493 55,183,0.613 57,160,1.082 59,43,1.819 61,54,2.950 63,13,3.806 65,7,4.261 67,3,3.930 69,3,4.638"
32,LITTLE PORT WALTER AK US,9,51.2,79.73333333,7.292741124,269,678,487,443,697,"51,173,0.494 53,173,0.811 55,101,1.355 57,61,1.796 59,39,2.142 61,33,3.451 63,8,3.653 65,1,1.001"
32,LITTLE PORT WALTER AK US,10,44.5,73.67876344,8.541870701,166,490,272,266,404,"51,107,1.498 53,20,4.851 55,4,6.981"
32,LITTLE PORT WALTER AK US,11,38.1,65.77777778,8.87568817,60,440,132,142,154,"51,60,0.259 53,6,3.131"
32,LITTLE PORT WALTER AK US,12,35.2,63.75403226,9.700931297,56,248,92,89,96,
33,MAIN BAY AK US,1,26.1,81.08736559,7.245105888,44,377,100,99,91,
33,MAIN BAY AK US,2,26.6,83.74404762,10.40510839,94,337,144,145,187,
33,MAIN BAY AK US,3,30.3,77.01612903,10.28782787,214,982,470,539,606,"51,5,1.940 53,2,1.888 55,1,3.732"
33,MAIN BAY AK US,4,36.6,66.10694444,10.02305293,331,881,644,623,931,"51,35,1.684 53,14,2.266 55,17,3.522 57,18,4.818 59,4,2.693 61,10,4.460 63,10,4.685 65,11,4.212 67,7,5.400 69,1,3.680"
33,MAIN BAY AK US,5,43.2,72.67607527,9.020828815,466,885,751,753,1217,"51,65,1.430 53,29,2.185 55,41,2.918 57,28,2.743 59,13,3.006 61,19,3.847 63,8,4.499 65,3,4.314"
33,MAIN BAY AK US,6,50.7,76.86527778,10.49032523,555,804,724,861,1309,"51,134,0.534 53,76,0.994 55,69,1.113 57,50,1.491 59,33,1.732 61,22,2.203 63,18,2.362 65,23,2.648 67,2,4.259 69,20,3.989 71,10,4.666 73,5,4.469 75,1,3.839"
33,MAIN BAY AK US,7,55.7,88.29166667,8.18979289,505,704,708,665,1101,"51,246,0.618 53,102,1.139 55,76,1.115 57,47,1.335 59,12,2.622 61,27,3.030 63,20,4.707 65,7,5.189 67,2,7.067 69,5,7.804"
33,MAIN BAY AK US,8,55.1,79.5094086,8.487149811,372,889,637,764,1042,"51,122,0.237 53,67,0.612 55,73,0.780 57,67,1.224 59,25,2.100 61,52,1.866 63,25,2.532 65,38,3.567 67,17,3.816 69,17,4.705 71,2,5.624"
33,MAIN BAY AK US,9,48.7,72.40416667,8.409037245,238,565,388,432,567,"51,102,0.803 53,66,1.739 55,59,1.732 57,63,1.249 59,17,1.363 61,27,3.042 63,23,3.415 65,15,3.554 67,9,1.726 69,4,2.205"
33,MAIN BAY AK US,10,38.9,79.86290323,11.90840806,125,490,236,230,324,"51,44,2.499 53,1,1.127"
33,MAIN BAY AK US,11,30.3,82.90972222,11.74580884,80,669,196,205,163,
33,MAIN BAY AK US,12,28.3,77.19623656,9.028345421,26,145,43,41,56,"53,1,0.000 59,1,0.000"
34,MATANUSKA AGRICULTURAL EXPERIMENT STATION AK US,1,15.1,75.21639785,8.875307329,44,377,100,99,91,
34,MATANUSKA AGRICULTURAL EXPERIMENT STATION AK US,2,19.2,73.93452381,8.499047524,105,915,442,217,322,
34,MATANUSKA AGRICULTURAL EXPERIMENT STATION AK US,3,26.4,61.42607527,8.476025235,251,1159,821,484,780,
34,MATANUSKA AGRICULTURAL EXPERIMENT STATION AK US,4,37.5,58.64027778,6.770166652,432,1328,1225,803,1313,"51,48,1.808 53,20,2.025 55,14,2.277 57,18,2.500 59,8,2.291 61,21,2.779 63,5,2.769 65,5,3.410 67,2,2.735"
34,MATANUSKA AGRICULTURAL EXPERIMENT STATION AK US,5,48,68.86693548,7.979327931,533,1059,957,917,1457,"51,82,1.397 53,40,1.819 55,34,2.093 57,28,2.047 59,9,2.355 61,19,3.107 63,10,1.492 65,3,1.440 67,10,2.417 69,6,3.634"
34,MATANUSKA AGRICULTURAL EXPERIMENT STATION AK US,6,55.4,50.59861111,8.564380429,649,1160,1096,1134,1785,"51,87,0.260 53,67,0.512 55,72,0.738 57,68,0.862 59,76,1.131 61,48,1.417 63,45,1.934 65,42,1.944 67,19,2.078 69,30,2.159 71,16,2.956 73,9,2.825 75,6,2.878 77,3,3.019"
34,MATANUSKA AGRICULTURAL EXPERIMENT STATION AK US,7,58.4,69.83602151,5.397824875,601,1011,1041,861,1472,"51,110,0.215 53,124,0.333 55,106,0.361 57,107,0.648 59,26,1.024 61,61,1.223 63,36,1.633 65,28,2.124 67,26,2.865 69,52,2.755 71,17,3.061 73,10,3.929 75,6,2.692 77,4,2.623 79,3,3.474"
34,MATANUSKA AGRICULTURAL EXPERIMENT STATION AK US,8,56,71.78763441,5.825970735,436,978,764,857,1193,"51,57,0.447 53,65,0.369 55,89,0.307 57,60,0.558 59,94,0.834 61,60,0.951 63,61,1.432 65,44,1.787 67,22,1.763 69,32,2.377 71,24,2.847 73,15,3.234 75,15,4.043 77,3,3.418"
34,MATANUSKA AGRICULTURAL EXPERIMENT STATION AK US,9,47.7,61.95694444,8.150546187,243,860,434,555,718,"51,86,1.063 53,52,1.697 55,47,1.788 57,35,1.634 59,21,1.279 61,28,1.730 63,16,1.963 65,18,0.676 67,5,0.950"
34,MATANUSKA AGRICULTURAL EXPERIMENT STATION AK US,10,33.9,74.29973118,5.446833144,134,509,253,245,346,"51,13,1.910"
34,MATANUSKA AGRICULTURAL EXPERIMENT STATION AK US,11,20.4,77.97916667,7.103222439,80,670,197,206,164,"51,20,1.408 53,4,0.000 55,1,0.000"
34,MATANUSKA AGRICULTURAL EXPERIMENT STATION AK US,12,17.5,72.56317204,7.51690635,25,142,41,39,53,
35,MCGRATH AIRPORT AK US,1,-6.5,70.06451613,3.06559,227.2028254,81.32579427,41.17005309,32.23128465,71.32505361,
35,MCGRATH AIRPORT AK US,2,1.4,76.04017857,3.80758,771.038087,374.5953093,198.5936746,103.0295611,292.1201298,
35,MCGRATH AIRPORT AK US,3,11.6,68.51344086,5.279,1218.126585,853.3387003,509.2119294,242.5596274,793.0074266,
35,MCGRATH AIRPORT AK US,4,29.7,63.22777778,6.01152,1306.602413,1225.608816,831.0773837,472.5986818,1361.498469,"51,4,2.666 53,5,3.540 55,1,4.262 57,4,2.324 59,2,2.642"
35,MCGRATH AIRPORT AK US,5,46.7,63.32258065,6.37688,1104.040853,1158.268507,818.3657253,562.0840683,1432.555777,"51,90,1.482 53,44,1.879 55,44,1.920 57,23,2.011 59,11,1.875 61,9,2.339 63,11,2.094 65,8,1.572 67,7,1.485 69,4,1.817"
35,MCGRATH AIRPORT AK US,6,57.4,63.7875,5.77138,1079.169056,1279.504197,907.3517949,714.8349383,1643.497272,"51,103,0.602 53,52,0.655 55,42,0.784 57,45,0.853 59,33,1.190 61,49,1.318 63,42,1.431 65,40,1.734 67,19,1.935 69,36,2.203 71,14,2.652 73,17,2.905 75,13,2.706 77,2,3.159 79,4,2.619"
35,MCGRATH AIRPORT AK US,7,60,70.83333333,5.38561,1076.660791,1165.773193,902.7789757,641.2230216,1530.884429,"51,71,0.294 53,83,0.407 55,65,0.386 57,54,0.559 59,42,0.711 61,46,1.005 63,60,1.236 65,50,1.507 67,70,1.856 69,46,2.111 71,26,2.482 73,21,2.581 75,6,2.609 77,2,2.690 79,3,2.951 81,1,3.753"
35,MCGRATH AIRPORT AK US,8,54.6,76.01747312,5.19892,940.6386822,915.7704391,669.6470785,436.9106959,1110.423294,"51,58,0.576 53,72,0.474 55,88,0.489 57,105,0.712 59,58,1.007 61,62,1.031 63,59,1.537 65,37,1.620 67,22,2.027 69,26,2.511 71,14,3.313 73,15,4.186 75,4,3.540 77,2,4.581 79,1,3.986"
35,MCGRATH AIRPORT AK US,9,44.6,75.21805556,5.33597,764.4871277,602.7995092,404.5024233,243.3966042,667.1869721,"51,43,2.260 53,20,2.915 55,12,4.006 57,11,4.448 59,11,2.897 61,5,4.709"
35,MCGRATH AIRPORT AK US,10,25.1,80.40188172,4.85094,559.9533622,360.05286,184.7854771,125.5313126,315.044027,"51,1,2.611"
35,MCGRATH AIRPORT AK US,11,5.5,79.15,3.52666,448.4147173,176.2097307,85.33259613,50.99909095,125.8545229,
35,MCGRATH AIRPORT AK US,12,-3.2,83.55241935,2.56357,179.2856197,48.18845344,24.18262025,15.36337824,34.12858924,
36,NABESNA AK US,1,-4.7,87.45833333,3.432082156,40,304,108,61,92,
36,NABESNA AK US,2,3.4,73.54017857,3.495554522,80,767,351,162,240,
36,NABESNA AK US,3,12.8,66.32795699,5.388203619,280,1213,660,671,720,
36,NABESNA AK US,4,28.5,55.05555556,4.68639318,415,1364,1231,800,1318,"51,10,1.956 53,4,2.440 55,4,3.193 57,4,2.928 59,3,3.689 61,8,3.088 63,2,3.884 65,4,3.268"
36,NABESNA AK US,5,43.1,49.34543011,4.929089344,584,1285,1235,1081,1692,"51,87,1.289 53,74,1.757 55,31,1.323 57,24,1.858 59,16,1.919 61,18,1.877 63,18,2.604 65,10,2.648 67,14,2.002 69,10,2.134 71,1,1.536"
36,NABESNA AK US,6,52.1,59.25972222,5.839660979,613,947,962,930,1499,"51,81,0.588 53,68,0.673 55,68,0.917 57,60,1.012 59,33,1.202 61,37,1.603 63,37,1.723 65,37,1.959 67,40,1.831 69,22,2.618 71,14,3.229 73,7,1.775 75,9,1.627 77,2,1.006 79,3,2.582 81,2,2.887"
36,NABESNA AK US,7,54.7,68.66397849,3.404120383,625,997,1085,820,1462,"51,109,0.392 53,90,0.555 55,105,0.693 57,76,0.993 59,57,1.685 61,49,1.654 63,45,1.887 65,36,2.316 67,27,2.853 69,13,2.594 71,4,2.060"
36,NABESNA AK US,8,50.9,70.09408602,5.716228292,444,1040,1053,683,1194,"51,90,0.733 53,71,1.017 55,54,0.975 57,59,1.620 59,29,1.784 61,43,2.066 63,33,1.954 65,24,2.235 67,9,2.614 69,12,2.246"
36,NABESNA AK US,9,40.1,66.84166667,3.321237277,258,978,751,506,779,"51,75,1.328 53,34,1.144 55,26,1.559 57,25,2.617 59,6,2.184 61,5,3.490 63,4,2.857 65,1,4.556 67,2,2.397 69,1,2.207"
36,NABESNA AK US,10,22.6,82.81317204,4.525597951,165,470,270,236,307,
36,NABESNA AK US,11,3.9,81.59861111,4.780841836,82,673,199,208,167,
36,NABESNA AK US,12,-0.9,79.38575269,1.912224486,23,211,57,33,50,
37,NOME MUNICIPAL AIRPORT AK US,1,5.2,77.09005376,9.46962,196.9584863,77.15560116,19.52836658,16.18300182,39.14781295,
37,NOME MUNICIPAL AIRPORT AK US,2,7.4,69.53125,10.0308,719.0655804,409.5174039,119.3559183,80.59410352,232.1108473,
37,NOME MUNICIPAL AIRPORT AK US,3,10.3,63.34543011,9.24925,1206.108957,1018.167339,368.0049611,200.4956264,684.6023932,
37,NOME MUNICIPAL AIRPORT AK US,4,20.5,64.02777778,9.06958,1579.751184,1101.70292,1131.951266,486.3936867,1280.235879,
37,NOME MUNICIPAL AIRPORT AK US,5,36.8,75.79032258,8.98776,1100.635261,870.3497991,1007.449622,508.5311286,1423.696672,"51,14,1.990 53,3,2.486 55,4,2.592 57,3,2.062"
37,NOME MUNICIPAL AIRPORT AK US,6,47.8,75.99861111,8.86902,1015.1353,1291.825142,837.1036615,772.5053809,1556.800221,"51,57,0.929 53,49,1.155 55,28,1.525 57,31,1.786 59,13,1.583 61,31,2.003 63,16,2.674 65,21,1.851 67,6,2.397 69,5,2.387 71,3,2.000 73,4,1.789"
37,NOME MUNICIPAL AIRPORT AK US,7,52.2,77.70026882,9.06962,1000.488292,890.3406961,937.2428433,532.0224605,1424.11551,"51,143,0.548 53,87,0.986 55,79,1.267 57,76,1.430 59,39,1.803 61,37,1.999 63,28,1.798 65,6,1.705 67,7,3.149 69,4,2.134 71,8,3.221 73,3,3.259 75,5,3.134 77,2,3.767"
37,NOME MUNICIPAL AIRPORT AK US,8,50.1,82.4516129,9.75698,763.2986559,893.2103414,493.6375055,412.7636253,947.7380623,"51,239,0.694 53,110,0.754 55,73,1.191 57,72,1.630 59,29,1.938 61,32,2.250 63,12,2.426 65,2,3.242"
37,NOME MUNICIPAL AIRPORT AK US,9,42.8,78.72638889,9.98777,727.3012666,453.3854325,405.7189437,208.3481778,579.5507858,"51,66,1.691 53,18,1.685 55,7,4.223 57,6,3.257 59,3,1.780 61,1,2.733"
37,NOME MUNICIPAL AIRPORT AK US,10,28.7,71.63172043,9.4004,649.2630484,414.0395315,157.8877218,97.76431729,280.9637855,
37,NOME MUNICIPAL AIRPORT AK US,11,16.9,81.86527778,10.4079,323.7218745,143.9771585,39.29373765,31.10247979,77.06400869,
37,NOME MUNICIPAL AIRPORT AK US,12,9.5,61.60887097,10.0958,119.6478953,35.63888684,4.141311464,4.111352779,11.31697601,
38,NORTH POLE AK US,1,-9.1,83.00268817,5.258918002,18,204,65,28,42,
38,NORTH POLE AK US,2,-0.8,76.00744048,4.110380653,81,678,295,158,225,
38,NORTH POLE AK US,3,12.8,59.37096774,5.184954602,220,1199,780,457,705,
38,NORTH POLE AK US,4,32.3,48.95555556,6.496141275,398,1507,1244,823,1325,"51,37,2.196 53,17,2.234 55,15,2.728 57,13,2.744 59,2,3.243 61,1,3.445"
38,NORTH POLE AK US,5,48.1,45.92607527,6.437221109,628,1309,1432,990,1649,"51,66,0.857 53,66,1.171 55,62,1.370 57,52,1.472 59,32,1.582 61,41,1.783 63,38,1.859 65,27,1.850 67,21,1.745 69,12,1.947 71,3,1.674"
38,NORTH POLE AK US,6,58.9,57.21944444,6.043471237,802,1216,1340,1094,1773,"51,74,0.429 53,49,0.598 55,63,0.574 57,64,0.694 59,24,0.736 61,67,0.909 63,69,1.093 65,58,1.312 67,65,1.536 69,60,1.417 71,26,1.512 73,21,1.549 75,11,1.769 77,6,1.601 79,12,2.162 81,4,1.734 83,1,2.243"
38,NORTH POLE AK US,7,61.5,67.80510753,4.454641193,676,1162,1272,922,1592,"51,69,0.347 53,42,0.373 55,56,0.381 57,60,0.399 59,41,0.528 61,63,0.626 63,54,0.999 65,60,1.306 67,47,1.311 69,62,1.633 71,40,1.785 73,29,1.880 75,38,2.045 77,12,2.193 79,17,2.180 81,7,1.509 83,3,2.775 85,2,2.203 87,2,2.003"
38,NORTH POLE AK US,8,55.1,67.91129032,6.169930611,437,1124,1010,783,1216,"51,90,0.423 53,65,0.580 55,65,0.675 57,62,0.657 59,32,0.694 61,58,0.884 63,47,1.254 65,54,1.360 67,39,1.580 69,52,1.553 71,23,2.262 73,19,2.277 75,10,2.477 77,4,1.855 79,3,2.494"
38,NORTH POLE AK US,9,43.7,73.33611111,4.976884934,255,970,745,500,771,"51,68,1.238 53,37,1.505 55,29,1.835 57,28,2.618 59,12,1.994 61,23,2.567 63,8,3.191"
38,NORTH POLE AK US,10,23.2,76.46774194,4.177128111,120,679,359,213,327,"51,22,2.083 53,5,4.289 55,3,3.943 57,1,2.534"
38,NORTH POLE AK US,11,1,78.31666667,4.922825506,45,355,94,94,72,
38,NORTH POLE AK US,12,-5.7,79.75672043,1.626292806,5,51,12,7,11,
39,NORTHWAY AIRPORT AK US,1,-14.8,77.36693548,3.432082156,44,377,100,99,91,
39,NORTHWAY AIRPORT AK US,2,-5.9,77.90625,3.495554522,115,764,412,207,325,
39,NORTHWAY AIRPORT AK US,3,7.9,64.57526882,5.388203619,281,1216,662,673,722,
39,NORTHWAY AIRPORT AK US,4,29.5,56.62777778,4.68639318,383,1472,1215,797,1286,"51,11,1.908 53,7,2.419 55,5,1.873 57,3,0.897 59,1,1.176"
39,NORTHWAY AIRPORT AK US,5,45.8,54.07258065,4.929089344,595,1312,1258,1101,1722,"51,58,0.952 53,33,1.169 55,27,1.105 57,31,0.949 59,7,1.240 61,18,1.103 63,12,1.831 65,19,1.776 67,14,1.987 69,19,2.966 71,18,3.164 73,15,2.749 75,12,2.956 77,4,1.679 79,5,2.840 81,1,0.830"
39,NORTHWAY AIRPORT AK US,6,55.9,56.125,5.839660979,631,988,996,960,1544,"51,90,0.787 53,61,0.928 55,48,0.995 57,55,1.276 59,46,0.904 61,33,1.209 63,33,1.438 65,39,1.534 67,22,1.702 69,39,2.027 71,20,2.362 73,10,2.341 75,9,2.114"
39,NORTHWAY AIRPORT AK US,7,59,64.99193548,3.404120383,638,1027,1111,842,1495,"51,99,0.153 53,81,0.426 55,69,0.381 57,53,0.596 59,34,0.846 61,48,0.983 63,61,1.038 65,38,1.411 67,40,1.786 69,64,1.779 71,31,1.846 73,25,1.992 75,26,2.375 77,6,1.704 79,8,2.502 81,8,2.990 83,5,3.846 85,2,4.341"
39,NORTHWAY AIRPORT AK US,8,53.9,65.88172043,5.716228292,433,1113,1001,776,1205,"51,98,0.562 53,46,0.763 55,40,1.148 57,37,1.139 59,46,1.663 61,41,1.937 63,34,2.079 65,33,1.999 67,25,1.637 69,28,2.122 71,14,3.052 73,10,3.808 75,1,4.227 77,4,3.343"
39,NORTHWAY AIRPORT AK US,9,41.6,75.84722222,3.321237277,261,900,707,470,745,"51,27,1.264 53,14,2.183 55,15,1.894 57,20,3.394 59,9,3.092 61,17,2.688"
39,NORTHWAY AIRPORT AK US,10,21.2,84.4422043,4.525597951,129,601,366,207,345,
39,NORTHWAY AIRPORT AK US,11,-2.3,74.08888889,4.780841836,49,360,155,71,118,
39,NORTHWAY AIRPORT AK US,12,-11.4,77.04569892,1.912224486,26,192,48,50,45,"51,2,0.000"
40,PORT ALSWORTH AK US,1,15.5,84.61424731,7.79912182,39,326,86,87,88,
40,PORT ALSWORTH AK US,2,18.6,86.97321429,7.449302642,101,816,274,292,309,
40,PORT ALSWORTH AK US,3,24.3,72.92607527,7.976474628,229,983,502,530,702,
40,PORT ALSWORTH AK US,4,35.2,68.37222222,4.966526651,292,837,514,658,951,"51,19,2.054 53,8,2.656 55,4,2.555 57,10,3.000 59,3,3.198 61,12,3.076 63,6,3.195 65,11,3.184 67,4,2.716"
40,PORT ALSWORTH AK US,5,46,65.80645161,5.122323236,484,910,786,831,1304,"51,72,1.772 53,32,1.881 55,19,1.590 57,16,1.725 59,10,3.115 61,8,1.816 63,7,2.780 65,4,3.691 67,8,3.235 69,1,3.627"
40,PORT ALSWORTH AK US,6,54.3,75.28333333,6.208063554,583,905,791,901,1477,"51,149,0.819 53,88,1.279 55,52,1.561 57,55,1.667 59,36,2.411 61,17,2.138 63,12,2.417 65,3,1.804 67,8,2.580 69,10,2.589 71,5,2.952 73,3,2.294 75,4,2.899"
40,PORT ALSWORTH AK US,7,57.9,82.29704301,5.909131453,551,1022,873,929,1466,"51,234,0.317 53,124,0.883 55,95,1.248 57,76,1.849 59,29,2.566 61,40,2.426 63,27,1.801 65,11,2.284 67,7,2.296 69,4,2.609 71,6,3.514"
40,PORT ALSWORTH AK US,8,55.5,76.58198925,5.488950189,401,779,662,683,1037,"51,117,0.345 53,64,0.718 55,83,0.913 57,80,1.351 59,37,1.537 61,44,2.210 63,42,2.242 65,42,2.753 67,18,3.007 69,7,3.456"
40,PORT ALSWORTH AK US,9,47.4,66.98472222,5.575071147,241,683,420,452,642,"51,99,1.269 53,62,0.814 55,56,1.594 57,33,2.185 59,23,2.392 61,38,2.581 63,23,3.339 65,4,3.307"
40,PORT ALSWORTH AK US,10,34.5,82.2016129,7.484398533,138,518,260,251,356,"51,16,4.135 53,5,1.406 55,6,1.039 57,5,2.588 59,1,0.946"
40,PORT ALSWORTH AK US,11,23.8,80.48888889,7.186738042,55,432,129,121,136,"55,1,0.000 65,1,0.000 75,1,0.000 85,1,0.000 95,1,0.000 105,1,0.000"
40,PORT ALSWORTH AK US,12,19.4,75.91129032,7.349779132,27,269,64,60,57,
41,SEWARD AIRPORT AK US,1,27.1,82.64112903,7.245105888,45,379,101,100,93,
41,SEWARD AIRPORT AK US,2,28.3,77.43452381,10.40510839,95,339,146,146,189,
41,SEWARD AIRPORT AK US,3,32.1,73.22715054,10.28782787,208,969,459,529,591,
41,SEWARD AIRPORT AK US,4,38.7,75.30277778,10.02305293,326,870,634,615,919,"51,15,2.704 53,5,2.120 55,2,1.170 61,1,1.621"
41,SEWARD AIRPORT AK US,5,46.4,68.24731183,9.020828815,461,873,741,745,1204,"51,89,1.586 53,25,2.296 55,16,2.821 57,8,3.231 59,1,3.210 61,5,3.979 63,2,4.232 65,6,3.678 67,6,3.852 69,1,3.774"
41,SEWARD AIRPORT AK US,6,52.2,72.53472222,10.49032523,557,809,729,865,1314,"51,122,0.471 53,124,0.911 55,81,0.955 57,50,1.234 59,27,2.139 61,16,2.296 63,22,3.415 65,18,3.345 67,13,2.930 69,15,3.254 71,4,2.363 73,6,3.724"
41,SEWARD AIRPORT AK US,7,56,83.61962366,8.18979289,527,968,828,890,1406,"51,192,0.231 53,177,0.575 55,146,1.042 57,78,1.479 59,39,2.362 61,30,3.009 63,15,3.125 65,5,3.495 67,8,4.720 69,2,4.608 71,2,4.954 73,2,5.140"
41,SEWARD AIRPORT AK US,8,55.7,72.74731183,8.487149811,346,1025,818,829,1238,"51,128,0.171 53,109,0.373 55,96,0.655 57,90,1.236 59,37,1.423 61,67,2.001 63,41,2.263 65,29,1.997 67,19,2.590 69,26,2.583 71,7,3.229 73,5,2.995 75,1,3.503"
41,SEWARD AIRPORT AK US,9,49.5,71.58611111,8.409037245,246,581,401,444,585,"51,130,0.974 53,69,1.314 55,37,2.245 57,37,2.814 59,20,3.425 61,13,4.427 63,5,3.947"
41,SEWARD AIRPORT AK US,10,39.6,73.41397849,11.90840806,132,504,248,241,340,"51,5,0.902 53,3,0.991 55,1,1.054 59,1,1.130"
41,SEWARD AIRPORT AK US,11,30.9,71.78194444,11.74580884,80,668,195,204,162,
41,SEWARD AIRPORT AK US,12,28.9,85.00134409,9.028345421,26,145,43,41,56,
42,SITKA AIRPORT AK US,1,36.4,69.71908602,7.902357889,69,395,128,132,132,"51,2,0.000"
42,SITKA AIRPORT AK US,2,36.7,64.04613095,7.95346007,140,594,267,284,370,
42,SITKA AIRPORT AK US,3,38,66.38575269,9.43514412,247,795,480,484,701,"51,4,0.935 53,1,0.552"
42,SITKA AIRPORT AK US,4,42.5,62.81388889,6.695601924,477,1113,841,860,1128,"51,3,2.334"
42,SITKA AIRPORT AK US,5,47.8,73.60349462,6.668732564,691,1252,1151,1137,1595,"51,88,0.920 53,26,1.297 55,20,0.947 57,8,1.465 59,5,0.459 61,5,2.162 63,4,3.004 65,5,2.152 67,3,5.302 69,10,4.451 71,3,3.841"
42,SITKA AIRPORT AK US,6,52.8,81.18472222,6.385226242,586,785,713,932,1331,"51,192,0.836 53,132,0.833 55,70,1.605 57,53,1.468 59,8,1.382 61,17,1.744 63,15,2.896 65,5,3.740 67,8,3.851 69,3,4.406"
42,SITKA AIRPORT AK US,7,56.2,86.88978495,4.960358424,578,859,735,859,1233,"51,172,0.504 53,171,0.784 55,195,0.904 57,101,1.592 59,20,2.976 61,25,2.614 63,13,3.137 65,4,3.976"
42,SITKA AIRPORT AK US,8,57.2,85.5766129,6.388513504,454,1032,945,868,1263,"51,93,0.312 53,162,0.493 55,183,0.613 57,160,1.082 59,43,1.819 61,54,2.950 63,13,3.806 65,7,4.261 67,3,3.930 69,3,4.638"
42,SITKA AIRPORT AK US,9,53,79.73333333,7.292741124,267,672,482,439,691,"51,173,0.494 53,173,0.811 55,101,1.355 57,61,1.796 59,39,2.142 61,33,3.451 63,8,3.653 65,1,1.001"
42,SITKA AIRPORT AK US,10,46.1,73.67876344,8.541870701,168,496,277,271,410,"51,107,1.498 53,20,4.851 55,4,6.981"
42,SITKA AIRPORT AK US,11,39.5,65.77777778,8.87568817,62,445,136,146,159,"51,60,0.259 53,6,3.131"
42,SITKA AIRPORT AK US,12,37,63.75403226,9.700931297,51,296,89,102,120,
43,ST PAUL ISLAND AIRPORT AK US,1,25.1,85.29032258,18.7813,270.5364954,180.9271586,58.15311279,54.86490827,124.1740582,
43,ST PAUL ISLAND AIRPORT AK US,2,24.4,91.76190476,18.584,460.6485299,386.3833316,141.0140873,120.8969719,301.6568599,
43,ST PAUL ISLAND AIRPORT AK US,3,24.8,81.44489247,17.2118,712.3854163,783.8447022,301.2797734,238.2858163,642.1950433,
43,ST PAUL ISLAND AIRPORT AK US,4,29.2,86.325,16.1897,782.6816329,1042.447773,505.7826741,428.0308383,1028.181651,
43,ST PAUL ISLAND AIRPORT AK US,5,36.2,81.9811828,14.1182,645.8597248,851.7285176,501.1040493,522.1188313,1052.906703,
43,ST PAUL ISLAND AIRPORT AK US,6,42.4,90.01805556,12.8131,653.5195465,790.5336362,579.84556,561.8210093,1149.588429,"51,18,3.578 53,3,4.500 55,8,4.660 57,1,7.165 59,1,6.845"
43,ST PAUL ISLAND AIRPORT AK US,7,47.2,92.41397849,11.5735,578.1124098,839.1975492,519.0248733,595.4349154,1053.267553,"51,112,1.901 53,19,3.696 55,4,1.727 57,1,0.996 59,1,0.226 61,1,0.000"
43,ST PAUL ISLAND AIRPORT AK US,8,48.8,93.27553763,12.5,498.4422732,659.1196528,412.6994766,394.324924,790.9336492,"51,156,1.952 53,25,3.476 55,7,6.139 57,1,8.671"
43,ST PAUL ISLAND AIRPORT AK US,9,45.3,87.99166667,14.7084,540.349588,616.8238922,303.2714276,237.7755748,606.4761737,"51,49,3.873 53,6,7.106"
43,ST PAUL ISLAND AIRPORT AK US,10,38.6,82.60080645,16.383,490.7643825,425.5885742,171.180518,137.5779523,350.1164571,
43,ST PAUL ISLAND AIRPORT AK US,11,33,77.39861111,17.7644,337.6311905,239.3241604,77.90146266,71.20900845,165.4574064,
43,ST PAUL ISLAND AIRPORT AK US,12,28.9,80.51075269,17.8865,222.7391764,127.8190263,42.62889371,39.36315259,87.38460004,
44,SUTTON 1 W AK US,1,15.7,75.21639785,8.875307329,46,381,103,102,95,
44,SUTTON 1 W AK US,2,19.9,73.93452381,8.499047524,108,921,447,221,328,
44,SUTTON 1 W AK US,3,27.2,61.42607527,8.476025235,255,1167,827,489,789,
44,SUTTON 1 W AK US,4,37,58.64027778,6.770166652,436,1338,1233,809,1323,"51,48,1.808 53,20,2.025 55,14,2.277 57,18,2.500 59,8,2.291 61,21,2.779 63,5,2.769 65,5,3.410 67,2,2.735"
44,SUTTON 1 W AK US,5,46.7,68.86693548,7.979327931,534,1061,959,919,1460,"51,82,1.397 53,40,1.819 55,34,2.093 57,28,2.047 59,9,2.355 61,19,3.107 63,10,1.492 65,3,1.440 67,10,2.417 69,6,3.634"
44,SUTTON 1 W AK US,6,53.8,50.59861111,8.564380429,636,1106,1126,1024,1694,"51,87,0.260 53,67,0.512 55,72,0.738 57,68,0.862 59,76,1.131 61,48,1.417 63,45,1.934 65,42,1.944 67,19,2.078 69,30,2.159 71,16,2.956 73,9,2.825 75,6,2.878 77,3,3.019"
44,SUTTON 1 W AK US,7,57.2,69.83602151,5.397824875,601,1012,1042,862,1474,"51,110,0.215 53,124,0.333 55,106,0.361 57,107,0.648 59,26,1.024 61,61,1.223 63,36,1.633 65,28,2.124 67,26,2.865 69,52,2.755 71,17,3.061 73,10,3.929 75,6,2.692 77,4,2.623 79,3,3.474"
44,SUTTON 1 W AK US,8,54.8,71.78763441,5.825970735,437,981,766,859,1196,"51,57,0.447 53,65,0.369 55,89,0.307 57,60,0.558 59,94,0.834 61,60,0.951 63,61,1.432 65,44,1.787 67,22,1.763 69,32,2.377 71,24,2.847 73,15,3.234 75,15,4.043 77,3,3.418"
44,SUTTON 1 W AK US,9,46.5,61.95694444,8.150546187,245,863,437,558,722,"51,86,1.063 53,52,1.697 55,47,1.788 57,35,1.634 59,21,1.279 61,28,1.730 63,16,1.963 65,18,0.676 67,5,0.950"
44,SUTTON 1 W AK US,10,33.9,74.29973118,5.446833144,137,516,259,250,354,"51,13,1.910"
44,SUTTON 1 W AK US,11,20.8,77.97916667,7.103222439,56,508,209,101,150,"51,20,1.408 53,4,0.000 55,1,0.000"
44,SUTTON 1 W AK US,12,17.5,72.56317204,7.51690635,26,144,43,40,55,
45,TALKEETNA AIRPORT AK US,1,14.2,74.93413978,5.60599,330.4902668,116.6495745,54.12589825,35.7657786,84.32184699,
45,TALKEETNA AIRPORT AK US,2,18.1,81.29017857,5.44565,916.6424387,443.5767601,217.608524,105.833555,324.1582901,
45,TALKEETNA AIRPORT AK US,3,24.9,66.34139785,5.59121,1158.404819,819.569998,483.1551011,250.6628202,778.5030054,
45,TALKEETNA AIRPORT AK US,4,35.9,66.08888889,4.8282,1321.984957,1220.43783,798.4645685,429.1061332,1305.907172,"51,21,1.889 53,13,2.125 55,9,2.597 57,2,1.785 59,4,2.095"
45,TALKEETNA AIRPORT AK US,5,47.8,63.36424731,5.06523,1086.475134,1086.847249,890.8250059,574.330431,1463.132011,"51,77,1.359 53,64,1.217 55,51,1.725 57,33,2.138 59,13,1.931 61,21,2.553 63,23,2.519 65,13,2.928 67,7,3.822 69,3,3.253"
45,TALKEETNA AIRPORT AK US,6,57,61.56666667,5.12909,1072.850424,1099.367633,999.5958799,621.780621,1658.412442,"51,90,0.436 53,77,0.654 55,55,0.853 57,59,1.105 59,49,1.088 61,39,1.313 63,40,1.367 65,26,1.569 67,12,2.054 69,47,2.201 71,22,2.262 73,13,2.505 75,13,2.431 77,4,3.101 79,6,3.057 81,3,2.873"
45,TALKEETNA AIRPORT AK US,7,60.1,74.10080645,4.67008,992.8008756,1025.61434,847.7067653,593.1506227,1452.891497,"51,104,0.365 53,89,0.354 55,92,0.496 57,83,0.683 59,44,0.619 61,49,1.421 63,47,1.537 65,42,1.305 67,35,1.709 69,70,2.187 71,25,2.794 73,9,2.290 75,3,2.809 77,1,2.986 79,6,2.594"
45,TALKEETNA AIRPORT AK US,8,56.7,79.44623656,3.7951,906.0398641,744.5611733,753.8216517,395.7222477,1085.842719,"51,156,0.211 53,89,0.307 55,75,0.541 57,61,0.934 59,36,1.505 61,51,1.692 63,38,2.134 65,48,2.386 67,32,2.468 69,23,3.301 71,14,4.145 73,4,4.277 75,1,3.354"
45,TALKEETNA AIRPORT AK US,9,47.5,82.65694444,3.76215,896.7067316,642.7299312,472.119513,251.5007797,744.2393333,"51,84,0.963 53,47,1.383 55,44,1.718 57,30,2.619 59,16,3.017 61,17,3.381 63,9,4.094 65,6,4.888 67,13,4.931 69,1,6.562"
45,TALKEETNA AIRPORT AK US,10,33.2,84.11962366,4.0519,684.6094243,398.1650411,222.5430634,123.2223924,350.1441276,"51,1,9.987"
45,TALKEETNA AIRPORT AK US,11,19.5,77.82916667,4.95588,495.7535825,198.7291732,91.93966201,51.45095783,136.8030925,
45,TALKEETNA AIRPORT AK US,12,16,80.26747312,5.16253,238.6001528,71.9361914,31.18988577,20.44814344,46.8648941,
46,TANANA CALHOUN MEMORIAL AIRPORT AK US,1,-9,75.36962366,6.271254455,24,217,76,37,57,
46,TANANA CALHOUN MEMORIAL AIRPORT AK US,2,-2.8,69.89583333,6.508435579,86,690,306,167,239,
46,TANANA CALHOUN MEMORIAL AIRPORT AK US,3,7.4,56.72580645,8.066520557,195,1229,779,457,650,
46,TANANA CALHOUN MEMORIAL AIRPORT AK US,4,27.5,66.54027778,5.648899549,470,1300,1220,826,1353,
46,TANANA CALHOUN MEMORIAL AIRPORT AK US,5,46.3,55.99193548,6.042749643,647,1338,1381,1023,1601,"51,59,1.816 53,29,2.100 55,31,1.863 57,20,1.787 59,9,2.095 61,19,1.956 63,10,2.673 65,1,2.936 67,5,3.895 69,1,3.082"
46,TANANA CALHOUN MEMORIAL AIRPORT AK US,6,58.3,58.15138889,6.977705146,792,1193,1320,1078,1747,"51,73,0.524 53,39,0.533 55,50,0.546 57,52,0.727 59,51,1.210 61,52,1.174 63,52,1.739 65,51,1.675 67,27,1.444 69,48,1.691 71,28,1.985 73,22,2.118 75,6,2.692 77,8,2.192 79,4,1.435 81,2,2.239"
46,TANANA CALHOUN MEMORIAL AIRPORT AK US,7,60.4,75.08870968,4.945625877,729,1244,1202,1160,1644,"51,66,0.413 53,96,0.370 55,68,0.650 57,67,0.808 59,41,1.070 61,59,1.339 63,50,1.493 65,48,1.720 67,41,1.968 69,40,2.007 71,23,2.579 73,10,2.470 75,7,3.393 77,1,1.646"
46,TANANA CALHOUN MEMORIAL AIRPORT AK US,8,53.9,70,6.870478261,423,1054,939,708,1089,"51,118,1.061 53,56,0.949 55,62,1.474 57,50,1.317 59,35,1.598 61,44,2.240 63,19,1.617 65,16,1.209 67,13,2.074 69,13,2.980 71,2,4.293"
46,TANANA CALHOUN MEMORIAL AIRPORT AK US,9,42.8,69.56388889,4.66588788,207,863,645,419,608,"51,47,1.114 53,28,1.302 55,19,0.914 57,5,3.031 59,1,1.237"
46,TANANA CALHOUN MEMORIAL AIRPORT AK US,10,22.5,81.04301075,3.853914067,117,661,372,197,312,"51,11,0.549 53,7,0.351 55,8,1.174 57,4,0.688 59,4,0.682 61,3,1.230 63,4,2.136 65,1,10.876"
46,TANANA CALHOUN MEMORIAL AIRPORT AK US,11,1.9,81.11805556,5.019759653,48,442,171,80,119,
46,TANANA CALHOUN MEMORIAL AIRPORT AK US,12,-4.8,75.73387097,4.370755874,8,58,17,12,19,
47,TOK AK US,1,-11.4,77.36693548,3.432082156,38,299,104,58,87,
47,TOK AK US,2,-2.6,77.90625,3.495554522,81,769,353,164,243,
47,TOK AK US,3,10.3,64.57526882,5.388203619,219,1196,777,455,702,
47,TOK AK US,4,31.5,56.62777778,4.68639318,384,1475,1218,800,1290,"51,11,1.908 53,7,2.419 55,5,1.873 57,3,0.897 59,1,1.176"
47,TOK AK US,5,46.2,54.07258065,4.929089344,487,743,705,676,1093,"51,58,0.952 53,33,1.169 55,27,1.105 57,31,0.949 59,7,1.240 61,18,1.103 63,12,1.831 65,19,1.776 67,14,1.987 69,19,2.966 71,18,3.164 73,15,2.749 75,12,2.956 77,4,1.679 79,5,2.840 81,1,0.830"
47,TOK AK US,6,56.3,56.125,5.839660979,631,989,997,961,1545,"51,90,0.787 53,61,0.928 55,48,0.995 57,55,1.276 59,46,0.904 61,33,1.209 63,33,1.438 65,39,1.534 67,22,1.702 69,39,2.027 71,20,2.362 73,10,2.341 75,9,2.114"
47,TOK AK US,7,59.6,64.99193548,3.404120383,644,1040,1121,851,1509,"51,99,0.153 53,81,0.426 55,69,0.381 57,53,0.596 59,34,0.846 61,48,0.983 63,61,1.038 65,38,1.411 67,40,1.786 69,64,1.779 71,31,1.846 73,25,1.992 75,26,2.375 77,6,1.704 79,8,2.502 81,8,2.990 83,5,3.846 85,2,4.341"
47,TOK AK US,8,53.7,65.88172043,5.716228292,434,1116,1004,778,1208,"51,98,0.562 53,46,0.763 55,40,1.148 57,37,1.139 59,46,1.663 61,41,1.937 63,34,2.079 65,33,1.999 67,25,1.637 69,28,2.122 71,14,3.052 73,10,3.808 75,1,4.227 77,4,3.343"
47,TOK AK US,9,42.4,75.84722222,3.321237277,259,896,704,467,741,"51,27,1.264 53,14,2.183 55,15,1.894 57,20,3.394 59,9,3.092 61,17,2.688"
47,TOK AK US,10,22,84.4422043,4.525597951,121,681,361,214,330,
47,TOK AK US,11,-0.3,74.08888889,4.780841836,42,402,146,71,105,
47,TOK AK US,12,-8.7,77.04569892,1.912224486,9,176,43,15,21,"51,2,0.000"
48,UNIVERSITY EXPERIMENT STATION AK US,1,-4.9,83.00268817,2.71397,19,206,67,29,44,
48,UNIVERSITY EXPERIMENT STATION AK US,2,1.7,76.00744048,3.28616,83,683,300,162,231,
48,UNIVERSITY EXPERIMENT STATION AK US,3,13.8,59.37096774,5.05087,222,1202,783,460,709,
48,UNIVERSITY EXPERIMENT STATION AK US,4,32.7,48.95555556,5.96513,565,1674,1169,1189,1350,"51,37,2.196 53,17,2.234 55,15,2.728 57,13,2.744 59,2,3.243 61,1,3.445"
48,UNIVERSITY EXPERIMENT STATION AK US,5,48.8,45.92607527,6.81895,632,1317,1439,996,1658,"51,66,0.857 53,66,1.171 55,62,1.370 57,52,1.472 59,32,1.582 61,41,1.783 63,38,1.859 65,27,1.850 67,21,1.745 69,12,1.947 71,3,1.674"
48,UNIVERSITY EXPERIMENT STATION AK US,6,59.6,57.21944444,6.27944,804,1221,1344,1098,1778,"51,74,0.429 53,49,0.598 55,63,0.574 57,64,0.694 59,24,0.736 61,67,0.909 63,69,1.093 65,58,1.312 67,65,1.536 69,60,1.417 71,26,1.512 73,21,1.549 75,11,1.769 77,6,1.601 79,12,2.162 81,4,1.734 83,1,2.243"
48,UNIVERSITY EXPERIMENT STATION AK US,7,62,67.80510753,5.7965,679,1167,1276,926,1598,"51,69,0.347 53,42,0.373 55,56,0.381 57,60,0.399 59,41,0.528 61,63,0.626 63,54,0.999 65,60,1.306 67,47,1.311 69,62,1.633 71,40,1.785 73,29,1.880 75,38,2.045 77,12,2.193 79,17,2.180 81,7,1.509 83,3,2.775 85,2,2.203 87,2,2.003"
48,UNIVERSITY EXPERIMENT STATION AK US,8,55.8,67.91129032,5.51303,439,1171,1030,767,1228,"51,90,0.423 53,65,0.580 55,65,0.675 57,62,0.657 59,32,0.694 61,58,0.884 63,47,1.254 65,54,1.360 67,39,1.580 69,52,1.553 71,23,2.262 73,19,2.277 75,10,2.477 77,4,1.855 79,3,2.494"
48,UNIVERSITY EXPERIMENT STATION AK US,9,44.7,73.33611111,5.25486,237,916,653,465,688,"51,68,1.238 53,37,1.505 55,29,1.835 57,28,2.618 59,12,1.994 61,23,2.567 63,8,3.191"
48,UNIVERSITY EXPERIMENT STATION AK US,10,24.8,76.46774194,4.46478,114,654,367,192,305,"51,22,2.083 53,5,4.289 55,3,3.943 57,1,2.534"
48,UNIVERSITY EXPERIMENT STATION AK US,11,4.6,78.31666667,2.97083,48,360,99,98,78,
48,UNIVERSITY EXPERIMENT STATION AK US,12,-1.1,79.75672043,2.3629,6,52,12,8,12,
49,VALDEZ WEATHER SERVICE OFFICE AK US,1,23.7,69.69086022,7.200908246,376.7003106,99.55996246,98.51527723,44.35510741,90.58449608,
49,VALDEZ WEATHER SERVICE OFFICE AK US,2,26,77.52529762,6.521417831,338.9831149,146.2791043,146.3948613,94.79002865,189.3099483,
49,VALDEZ WEATHER SERVICE OFFICE AK US,3,30.3,69.1922043,5.539137062,993.4804667,478.9962436,546.7116166,218.5974996,618.3503073,
49,VALDEZ WEATHER SERVICE OFFICE AK US,4,38.1,77.05833333,4.353337393,896.0994921,656.4570072,634.0246021,337.1427225,946.874757,"51,19,3.467 53,10,4.782 55,5,4.358"
49,VALDEZ WEATHER SERVICE OFFICE AK US,5,47,78.36290323,5.908352733,904.4513037,766.7019038,767.2129013,474.343059,1237.64232,"51,116,1.743 53,47,2.572 55,25,2.977 57,17,3.588 59,5,4.696 61,3,3.785 63,3,3.354 65,1,3.834"
49,VALDEZ WEATHER SERVICE OFFICE AK US,6,53.2,74.28888889,6.069258205,832.9451443,748.8718784,881.8574116,567.654992,1340.63958,"51,103,0.396 53,87,0.585 55,91,0.937 57,57,1.223 59,41,1.649 61,45,2.496 63,36,2.578 65,24,2.900 67,13,2.653 69,5,3.344 71,3,2.696 73,4,3.768 75,2,2.700"
49,VALDEZ WEATHER SERVICE OFFICE AK US,7,55.4,79.59543011,5.742987408,742.7869331,739.8925658,693.2497352,521.7153406,1144.440804,"51,130,0.260 53,127,0.446 55,83,0.710 57,91,0.968 59,66,1.564 61,34,1.908 63,32,2.332 65,30,2.659 67,17,2.960 69,10,3.539 71,6,3.060 73,5,3.716 75,9,3.856 77,1,1.142"
49,VALDEZ WEATHER SERVICE OFFICE AK US,8,53.7,84.69489247,4.412247537,922.007648,664.4044966,788.2256421,385.7339437,1078.498311,"51,252,0.354 53,82,0.739 55,57,1.306 57,52,1.714 59,25,2.275 61,36,3.024 63,18,3.464 65,14,4.075 67,7,3.777 69,9,4.332 71,4,4.550 73,6,4.650 75,3,4.619"
49,VALDEZ WEATHER SERVICE OFFICE AK US,9,47.3,86.78472222,3.789441634,589.3822145,407.9358745,449.6499114,248.8856503,594.0226601,"51,68,1.319 53,32,1.748 55,21,2.017 57,11,3.882 59,14,3.680 61,10,5.497 63,2,0.455 65,6,3.425 67,4,6.754 69,7,7.732 71,6,8.607"
49,VALDEZ WEATHER SERVICE OFFICE AK US,10,38.4,76.49327957,5.548156988,464.8263258,265.5181128,233.2457169,163.4955396,302.2463895,"51,12,3.220 53,1,3.145"
49,VALDEZ WEATHER SERVICE OFFICE AK US,11,28.3,48.06111111,13.7022009,669.2359519,196.4259799,205.152988,80.21559944,162.9387648,
49,VALDEZ WEATHER SERVICE OFFICE AK US,12,26,76.45564516,5.34340465,192.8389233,48.60233005,51.33170901,25.910965,45.96668405,
50,WHITES CROSSING AK US,1,6.9,74.93413978,8.875307329,44,376,100,99,90,
50,WHITES CROSSING AK US,2,12.7,81.29017857,8.499047524,118,840,287,302,343,
50,WHITES CROSSING AK US,3,21.3,66.34139785,8.476025235,248,1151,814,478,772,
50,WHITES CROSSING AK US,4,34.6,66.08888889,6.770166652,425,1312,1212,791,1295,"51,21,1.889 53,13,2.125 55,9,2.597 57,2,1.785 59,4,2.095"
50,WHITES CROSSING AK US,5,46.9,63.36424731,7.979327931,525,1040,941,904,1437,"51,77,1.359 53,64,1.217 55,51,1.725 57,33,2.138 59,13,1.931 61,21,2.553 63,23,2.519 65,13,2.928 67,7,3.822 69,3,3.253"
50,WHITES CROSSING AK US,6,55.7,61.56666667,8.564380429,627,1085,1109,1009,1671,"51,90,0.436 53,77,0.654 55,55,0.853 57,59,1.105 59,49,1.088 61,39,1.313 63,40,1.367 65,26,1.569 67,12,2.054 69,47,2.201 71,22,2.262 73,13,2.505 75,13,2.431 77,4,3.101 79,6,3.057 81,3,2.873"
50,WHITES CROSSING AK US,7,59.2,74.10080645,5.397824875,596,999,1031,852,1459,"51,104,0.365 53,89,0.354 55,92,0.496 57,83,0.683 59,44,0.619 61,49,1.421 63,47,1.537 65,42,1.305 67,35,1.709 69,70,2.187 71,25,2.794 73,9,2.290 75,3,2.809 77,1,2.986 79,6,2.594"
50,WHITES CROSSING AK US,8,55.9,79.44623656,5.825970735,425,954,743,839,1166,"51,156,0.211 53,89,0.307 55,75,0.541 57,61,0.934 59,36,1.505 61,51,1.692 63,38,2.134 65,48,2.386 67,32,2.468 69,23,3.301 71,14,4.145 73,4,4.277 75,1,3.354"
50,WHITES CROSSING AK US,9,46,82.65694444,8.150546187,234,838,417,540,694,"51,84,0.963 53,47,1.383 55,44,1.718 57,30,2.619 59,16,3.017 61,17,3.381 63,9,4.094 65,6,4.888 67,13,4.931 69,1,6.562"
50,WHITES CROSSING AK US,10,30.1,84.11962366,5.446833144,131,501,246,239,337,"51,1,9.987"
50,WHITES CROSSING AK US,11,13.4,77.82916667,7.103222439,51,497,200,92,138,
50,WHITES CROSSING AK US,12,9.7,80.26747312,7.51690635,26,193,49,51,46,
51,WRANGELL AIRPORT AK US,1,31.9,70.73790323,10.91531411,71,372,138,127,173,
51,WRANGELL AIRPORT AK US,2,33.9,72.32738095,3.420324037,144,604,276,291,382,
51,WRANGELL AIRPORT AK US,3,37.7,69.11693548,9.230091117,258,747,445,445,581,
51,WRANGELL AIRPORT AK US,4,43.3,67.72916667,7.132426958,367,908,705,798,1130,"51,16,2.627 53,5,2.437 55,4,3.143 57,6,3.519 59,2,3.606"
51,WRANGELL AIRPORT AK US,5,49.8,78.75672043,6.994953251,492,883,797,853,1361,"51,61,1.744 53,33,1.219 55,25,1.596 57,15,1.459 59,6,0.384 61,8,0.477 63,6,0.613 65,3,0.718"
51,WRANGELL AIRPORT AK US,6,55.1,77.69722222,6.724806442,611,908,884,1047,1608,"51,118,0.468 53,84,0.725 55,74,0.943 57,51,1.434 59,27,1.240 61,41,1.941 63,25,2.463 65,20,2.870 67,23,2.351 69,23,2.895 71,7,2.285 73,2,4.071 75,4,2.145 77,3,1.819 79,4,2.835 81,3,2.918 83,3,2.664"
51,WRANGELL AIRPORT AK US,7,57.8,84.97446237,5.07100286,558,789,783,947,1381,"51,84,0.227 53,127,0.405 55,164,0.698 57,140,0.961 59,46,1.105 61,58,1.766 63,31,2.882 65,24,3.491 67,11,2.767 69,8,3.810 71,3,2.813 73,4,1.895 75,3,3.743 77,3,1.030"
51,WRANGELL AIRPORT AK US,8,57.4,75.59811828,2.727024543,428,959,787,884,1304,"51,67,0.183 53,106,0.312 55,101,0.679 57,118,0.685 59,92,0.783 61,76,1.375 63,50,1.464 65,46,2.068 67,19,2.640 69,31,3.029 71,8,3.799 73,2,2.560 75,2,2.423 77,4,3.595 79,1,5.271"
51,WRANGELL AIRPORT AK US,9,52.2,79.56805556,3.474716343,259,669,430,453,703,"51,174,0.554 53,147,1.026 55,97,1.779 57,35,2.932 59,21,2.725 61,6,4.185"
51,WRANGELL AIRPORT AK US,10,44.9,78.7983871,7.371384863,134,714,343,326,412,"51,97,0.883 53,48,1.341 55,15,1.184 57,2,0.000"
51,WRANGELL AIRPORT AK US,11,37,73.98472222,3.960319137,84,347,135,144,199,"51,1,0.000"
51,WRANGELL AIRPORT AK US,12,33.1,78.35887097,4.368651224,50,295,88,101,119,
52,YAKUTAT AIRPORT AK US,1,28.1,86.20833333,6.04663,301.3561886,103.0465717,100.6765646,54.31945963,127.632874,
52,YAKUTAT AIRPORT AK US,2,29.7,72.66517857,5.86205,607.5800463,242.1964329,254.7031706,124.6307636,316.6127795,
52,YAKUTAT AIRPORT AK US,3,32,80.80376344,6.30296,819.5696956,510.6972545,488.0919842,238.2583159,627.4274496,
52,YAKUTAT AIRPORT AK US,4,37.8,80.22777778,5.95805,914.2188484,730.2549819,717.4563805,380.1911063,1052.916606,"51,19,2.821 53,6,2.935 55,4,3.946 57,1,4.636 61,2,2.920 63,2,5.690 65,3,3.864 67,3,4.115"
52,YAKUTAT AIRPORT AK US,5,44.7,84.90053763,6.01908,818.7769275,719.0288376,793.5704387,487.5888116,1223.171239,"51,61,3.046 53,22,4.080 55,15,3.795 57,5,2.345 59,2,3.547 61,4,3.104"
52,YAKUTAT AIRPORT AK US,6,50.8,84.49583333,5.71388,766.7698705,697.5564334,919.0787303,578.4189781,1311.419201,"51,229,0.613 53,87,1.304 55,53,2.050 57,37,2.645 59,14,3.044 61,17,4.340 63,8,3.754 65,5,3.846 67,2,5.795"
52,YAKUTAT AIRPORT AK US,7,54.3,84.11693548,5.31747,860.4372488,734.6343341,859.3308814,578.3081447,1233.647331,"51,103,0.232 53,135,0.527 55,130,0.799 57,101,1.276 59,57,1.365 61,50,2.036 63,26,2.794 65,15,2.400 67,10,3.447 69,12,3.767 71,5,4.972 73,1,6.226 75,2,5.664"
52,YAKUTAT AIRPORT AK US,8,53.8,86.67876344,5.33629,907.0473435,646.7173599,826.1633704,399.3281861,1133.713863,"51,74,0.315 53,131,0.212 55,155,0.728 57,100,1.273 59,35,1.755 61,63,2.298 63,38,3.406 65,14,4.399 67,3,4.675 69,5,4.517 71,1,4.945"
52,YAKUTAT AIRPORT AK US,9,48.4,82.60555556,5.85402,673.3206055,483.1805791,439.8644868,266.5583847,691.8126823,"51,156,0.644 53,110,1.154 55,87,1.829 57,35,3.041 59,12,4.486 61,7,6.043 63,3,8.509 65,1,7.735"
52,YAKUTAT AIRPORT AK US,10,41,86.72580645,6.3215,516.0299925,257.4110265,243.6637268,132.2396008,337.9144353,"51,58,2.935 53,4,1.001"
52,YAKUTAT AIRPORT AK US,11,32.3,85.64027778,5.88472,445.6551871,137.1313398,147.2900141,62.61498992,160.8298132,"51,4,0.884"
52,YAKUTAT AIRPORT AK US,12,29.6,88.69758065,6.25658,229.8639211,65.75993237,62.7638324,33.42600783,75.13545427,
